Name,Handle,Timestamp,Verified,Content,Comments,Retweets,Likes,Analytics,Tags,Mentions,Emojis,Profile Image,Tweet Link,Tweet ID
Jon Mellon,@jamellon123,2022-01-13T15:56:40.000Z,False,npm Libraries ‘colors’ and ‘faker’ Sabotaged in Protest by their Maintainer—What to do Now? If you're a #Sonatype customer? Rest Easy!,0,0,0,0,['#Sonatype'],[],[],https://pbs.twimg.com/profile_images/918955158805114880/SsqZvBod_normal.jpg,https://twitter.com/jamellon123/status/1481656450522832900,tweet_id:1481656450522832900
Jon Mellon,@jamellon123,2021-12-10T20:56:44.000Z,False,"Brought to you by the leader in SW governance #Sonatype  Put us to work!
Critical New 0-day Vulnerability in Popular Log4j Library Discovered  with Evidence of Mass Scanning for Affected Applications",0,0,0,0,['#Sonatype'],[],[],https://pbs.twimg.com/profile_images/918955158805114880/SsqZvBod_normal.jpg,https://twitter.com/jamellon123/status/1469410776486141953,tweet_id:1469410776486141953
Jon Mellon,@jamellon123,2021-11-22T17:08:56.000Z,False,"Another game-changing enhancement for developers looking to resolve the conflict between security and accelerated software development.  We're all ""one team"" in the SW Supply Chain. #Sonatype  

New Nexus Firewall Release with Developer-First Enhancements",0,0,0,0,['#Sonatype'],[],[],https://pbs.twimg.com/profile_images/918955158805114880/SsqZvBod_normal.jpg,https://twitter.com/jamellon123/status/1462830470220111872,tweet_id:1462830470220111872
Jon Mellon,@jamellon123,2021-09-27T14:23:34.000Z,False,$3 Million Cryptocurrency Heist Stemmed from a Malicious GitHub Commit,0,0,0,0,[],[],[],https://pbs.twimg.com/profile_images/918955158805114880/SsqZvBod_normal.jpg,https://twitter.com/jamellon123/status/1442495133325344768,tweet_id:1442495133325344768
Jon Mellon,@jamellon123,2021-09-20T15:53:37.000Z,False,As promised and again this year.  #Sonatype leading the way....2021 State of the Software Supply Chain: Open Source Security and Dependency Management Take Center Stage,0,0,0,0,['#Sonatype'],[],[],https://pbs.twimg.com/profile_images/918955158805114880/SsqZvBod_normal.jpg,https://twitter.com/jamellon123/status/1439981078404546572,tweet_id:1439981078404546572
Jon Mellon,@jamellon123,2021-09-15T23:15:50.000Z,False,"Next-gen software supply chain attacks up 650% in 2021 | VentureBeat.  Seems crazy to ask, but call us #Sonatype",0,0,0,0,['#Sonatype'],[],[],https://pbs.twimg.com/profile_images/918955158805114880/SsqZvBod_normal.jpg,https://twitter.com/jamellon123/status/1438280429270933504,tweet_id:1438280429270933504
Jon Mellon,@jamellon123,2021-07-23T17:13:18.000Z,False,"Virtual Value Selling?  Can we really do this?  The fact is, we MUST do this, mastered in this very format to assure our best engagement in whatever context is required by our customers. Kudos to ⁦⁩ GTM team for leading the way.",0,0,0,0,[],['@sonatype'],[],https://pbs.twimg.com/profile_images/918955158805114880/SsqZvBod_normal.jpg,https://twitter.com/jamellon123/status/1418620247528153091,tweet_id:1418620247528153091
Jon Mellon,@jamellon123,2021-07-22T22:36:55.000Z,False,"First team meeting and dinner since joining ⁦⁩. Completely reinforces why I’m here. Great people, great customers and pacing the DevSecOps community with unmatched technology. (Sunglasses needed).",0,0,1,0,[],['@sonatype'],[],https://pbs.twimg.com/profile_images/918955158805114880/SsqZvBod_normal.jpg,https://twitter.com/jamellon123/status/1418339301373497351,tweet_id:1418339301373497351
Jon Mellon,@jamellon123,2021-06-14T13:38:21.000Z,False,"I'm often asked what our Developer Relations team is meant to do for Developers....well, here is just one example.  Your welcome! #SonatypeOpen Source Attacks on the Rise: Top 8 Malicious Packages Found in npm",0,0,2,0,['#Sonatype'],[],[],https://pbs.twimg.com/profile_images/918955158805114880/SsqZvBod_normal.jpg,https://twitter.com/jamellon123/status/1404433026407448578,tweet_id:1404433026407448578
Jon Mellon,@jamellon123,2021-05-18T22:54:02.000Z,False,Biden’s Executive Order on Improving National Cyber Defense: Everything You Need to Know You Learned in Kindergarten,0,0,0,0,[],[],[],https://pbs.twimg.com/profile_images/918955158805114880/SsqZvBod_normal.jpg,https://twitter.com/jamellon123/status/1394788398838304768,tweet_id:1394788398838304768
Jon Mellon,@jamellon123,2021-05-13T22:04:11.000Z,False,Biden Executive Order on Cybersecurity Calls for Enhanced Software Supply Chain Security,0,0,0,0,[],[],[],https://pbs.twimg.com/profile_images/918955158805114880/SsqZvBod_normal.jpg,https://twitter.com/jamellon123/status/1392963913541619715,tweet_id:1392963913541619715
Jon Mellon,@jamellon123,2021-03-22T13:41:23.000Z,False,Understanding Nexus Container: 5 Technologies You Need for Full Life Cycle Container Security,0,0,0,0,[],[],[],https://pbs.twimg.com/profile_images/918955158805114880/SsqZvBod_normal.jpg,https://twitter.com/jamellon123/status/1373993208393437184,tweet_id:1373993208393437184
Jon Mellon,@jamellon123,2021-03-16T17:11:21.000Z,False,"Sonatype acquires MuseDev, expands Nexus code analysis platform https://venturebeat.com/2021/03/16/sonatype-acquires-musedev-expands-nexus-code-analysis-platform/… via ",0,0,1,0,[],['@VentureBeat'],[],https://pbs.twimg.com/profile_images/918955158805114880/SsqZvBod_normal.jpg,https://twitter.com/jamellon123/status/1371871723860156420,tweet_id:1371871723860156420
Jon Mellon,@jamellon123,2021-03-12T02:09:39.000Z,False,"As long as we’re all celebrating the women who have changed our lives for the better, I will offer this incredible leader who taught me to be bold, to dare greatly and to be my authentic self no matter what. She has always been an inspiration and someone…",0,0,0,0,[],[],[],https://pbs.twimg.com/profile_images/918955158805114880/SsqZvBod_normal.jpg,https://twitter.com/jamellon123/status/1370195250073993217,tweet_id:1370195250073993217
Jon Mellon,@jamellon123,2021-03-03T12:08:16.000Z,True,"Copycats, as predicted. Caught by   as predicted.",0,0,0,0,[],['@sonatype'],[],https://pbs.twimg.com/profile_images/918955158805114880/SsqZvBod_normal.jpg,https://twitter.com/jamellon123/status/1367084408554029057,tweet_id:1367084408554029057
Jon Mellon,@jamellon123,2021-02-18T23:07:45.000Z,False,Sonatype Spots 275+ Malicious npm Packages Copying Recent Software Supply Chain Attacks that Hit 35 Organizations,0,0,0,0,[],[],[],https://pbs.twimg.com/profile_images/918955158805114880/SsqZvBod_normal.jpg,https://twitter.com/jamellon123/status/1362539328497311745,tweet_id:1362539328497311745
Ilkka Turunen,@llkkaT,2021-02-12T17:36:39.000Z,False,BREAKING (sigh) - 150+ copycat packages identified by  Release Integrity mimicking the dependency confusion method described by  . See more details here,1,11,9,0,[],"['@sonatype', '@alxbrsn']",[],https://pbs.twimg.com/profile_images/1775475150357426176/SSAP5Bty_normal.jpg,https://twitter.com/llkkaT/status/1360281676136525825,tweet_id:1360281676136525825
Jon Mellon,@jamellon123,2021-01-23T21:50:23.000Z,False,"Sonatype and SVA join forces to help companies develop better, more secure software",0,0,0,0,[],[],[],https://pbs.twimg.com/profile_images/918955158805114880/SsqZvBod_normal.jpg,https://twitter.com/jamellon123/status/1353097776524095490,tweet_id:1353097776524095490
Jon Mellon,@jamellon123,2021-01-23T21:47:23.000Z,False,CursedGrabber strikes again: Sonatype spots new malware campaign against Software Supply Chains,0,0,0,0,[],[],[],https://pbs.twimg.com/profile_images/918955158805114880/SsqZvBod_normal.jpg,https://twitter.com/jamellon123/status/1353097019603243009,tweet_id:1353097019603243009
Jon Mellon,@jamellon123,2020-07-31T17:41:07.000Z,False,Great instincts James. You learn very little in the office. Being in front of customers and partners is where the real insights are obtained. Have fun!,0,1,10,0,[],[],[],https://pbs.twimg.com/profile_images/918955158805114880/SsqZvBod_normal.jpg,https://twitter.com/jamellon123/status/1289254781425299458,tweet_id:1289254781425299458
Jon Mellon,@jamellon123,2020-06-30T12:29:33.000Z,True,Just the truth from this guy. His Mom should get a prize for raising such a practical thinker with a range from the mundane to the marvelous. Well done Elon!,0,0,3,0,[],[],[],https://pbs.twimg.com/profile_images/918955158805114880/SsqZvBod_normal.jpg,https://twitter.com/jamellon123/status/1277942347251298308,tweet_id:1277942347251298308
Tracy Beanz,@tracybeanz,2020-06-11T23:16:27.000Z,True,"Thread: I was sent this and felt the need to thread it here on Twitter. It will be long. It is purported to be an anonymous, open letter from a professor at UK Berkeley in the History Department. The only comment I will make is to say it is worth every moment of the read.",472,"5,279","8,295",0,[],[],[],https://pbs.twimg.com/profile_images/1747260854238867456/3_FYCSsz_normal.jpg,https://twitter.com/tracybeanz/status/1271219776606687233,tweet_id:1271219776606687233
Jon Mellon,@jamellon123,2020-05-04T11:55:04.000Z,False,"There's good downtime, and there's bad downtime. 

Find out how  can help you to get more value, and less #downtime - planned or unplanned - from your Oracle environment. http://ow.ly/tPOr50ztxyu#NetAppMVP #Uptime",0,1,3,0,"['#downtime', '#NetAppMVP', '#Uptime']",['@NetApp'],[],https://pbs.twimg.com/profile_images/918955158805114880/SsqZvBod_normal.jpg,https://twitter.com/jamellon123/status/1257277559848538114,tweet_id:1257277559848538114
Jon Mellon,@jamellon123,2020-05-01T12:45:06.000Z,False,"Have you heard of Project Astra? If not, you will.

It's an in-development preview of a software-defined platform that will deliver robust storage, easy-to-consume #data services, & application & data portability to #Kubernetes developers. http://ow.ly/vUfB50zn3Xz#NetAppMVP",0,0,1,0,"['#data', '#Kubernetes', '#NetAppMVP']",[],[],https://pbs.twimg.com/profile_images/918955158805114880/SsqZvBod_normal.jpg,https://twitter.com/jamellon123/status/1256202988131176449,tweet_id:1256202988131176449
Jon Mellon,@jamellon123,2020-04-30T12:45:05.000Z,False,"Recovering from ransomware attacks is expensive - $41,198 on average, per incident, per day. Find out how #FlexPod can help. http://ow.ly/lLJQ50zn4ed#NetAppMVP #Ransomware",0,3,4,0,"['#FlexPod', '#NetAppMVP', '#Ransomware']",[],[],https://pbs.twimg.com/profile_images/918955158805114880/SsqZvBod_normal.jpg,https://twitter.com/jamellon123/status/1255840596813582336,tweet_id:1255840596813582336
Jon Mellon,@jamellon123,2020-04-29T12:45:05.000Z,False,"We don't like to brag. However, 2 recent accolades are exciting to highlight because they acknowledge the work 's done with #AI and #cloud and why it’s so important to our customers. Check out how NetApp is changing the game with AI: http://ow.ly/JIZ950zn485#NetAppMVP",0,0,2,0,"['#AI', '#cloud', '#NetAppMVP']",['@NetApp'],[],https://pbs.twimg.com/profile_images/918955158805114880/SsqZvBod_normal.jpg,https://twitter.com/jamellon123/status/1255478210722136077,tweet_id:1255478210722136077
Jon Mellon,@jamellon123,2020-04-28T12:45:05.000Z,False,"""Whether you are a leader, a teacher, or a parent, you may be called upon to answer especially difficult questions right now, questions that have no satisfying answers."" Being honest is always best. Great article on leading with #Honesty. http://ow.ly/8hAp50zn4U8#NetAppMVP",0,0,0,0,"['#Honesty', '#NetAppMVP']",[],[],https://pbs.twimg.com/profile_images/918955158805114880/SsqZvBod_normal.jpg,https://twitter.com/jamellon123/status/1255115822764306435,tweet_id:1255115822764306435
Jon Mellon,@jamellon123,2020-04-27T12:45:04.000Z,False,If you missed #NetAppInsight Digital last week no worries - you can catch the OnDemand content here: http://ow.ly/QrxA50zn6tx#NetAppMVP,0,2,1,0,"['#NetAppInsight', '#NetAppMVP']",[],[],https://pbs.twimg.com/profile_images/918955158805114880/SsqZvBod_normal.jpg,https://twitter.com/jamellon123/status/1254753429907550208,tweet_id:1254753429907550208
Jon Mellon,@jamellon123,2020-04-25T00:25:03.000Z,False,"To end the work week, I leave you with a little Hope - which everyone can use more of right now. Time Magazine's 100 community on navigating our new reality and the good that can come from this tough situation.http://ow.ly/Xna350zgr4W#Leadership #NetAppMVP",0,1,4,0,"['#Leadership', '#NetAppMVP']",[],[],https://pbs.twimg.com/profile_images/918955158805114880/SsqZvBod_normal.jpg,https://twitter.com/jamellon123/status/1253842423375114246,tweet_id:1253842423375114246
NetApp INSIGHT,@NetAppInsight,2020-04-23T09:25:42.000Z,False,"You asked, we delivered.  with the moves. #NetAppINSIGHT",3,23,84,0,['#NetAppINSIGHT'],['@NetAppCEO'],[],https://pbs.twimg.com/profile_images/1306734376525332480/nIFtMKJf_normal.png,https://twitter.com/NetAppInsight/status/1253253705333272577,tweet_id:1253253705333272577
Daniel Kiehl,@daniel_kiehl,2020-04-23T08:56:58.000Z,False," ""NetApp is the ideal partner for the digital transformation roadmap..."" #NetAppINSIGHT",0,3,5,0,['#NetAppINSIGHT'],['@NetAppCEO'],[],https://pbs.twimg.com/profile_images/1170970068722884609/Dmxy04PE_normal.jpg,https://twitter.com/daniel_kiehl/status/1253246475825487873,tweet_id:1253246475825487873
Jon Mellon,@jamellon123,2020-04-23T12:25:04.000Z,False,"Marvelous news:  is named  Cloud Technology Partner of the Year for Infrastructure for the second year in a row.

How can we help get you to the Google Cloud?http://ow.ly/8Zfg50zgqzL#NetAppMVP #DataDriven #Cloud",1,3,7,0,"['#NetAppMVP', '#DataDriven', '#Cloud']","['@NetApp', '@Google']",[],https://pbs.twimg.com/profile_images/918955158805114880/SsqZvBod_normal.jpg,https://twitter.com/jamellon123/status/1253298847067115520,tweet_id:1253298847067115520
Jon Mellon,@jamellon123,2020-04-22T12:25:05.000Z,False,"We're in this storm together. Terrific article from  about how #NetApp is listening to what our partners need, taking steps to support them and our customers in the area of business continuity. http://ow.ly/BRLi50zgqnW#NetAppMVP #Leadership ",0,1,1,0,"['#NetApp', '#NetAppMVP', '#Leadership']","['@lamborn_chris', '@NetAppPartners']",[],https://pbs.twimg.com/profile_images/918955158805114880/SsqZvBod_normal.jpg,https://twitter.com/jamellon123/status/1252936462766653441,tweet_id:1252936462766653441
Jon Mellon,@jamellon123,2020-04-21T12:25:05.000Z,False,"Great news! Our NetApp INSIGHT Digital Event will come to a screen near you on Thursday, April 23rd starting at 10:00 AM CET. Check out this blog for some additional information: http://ow.ly/d1St50zgq6Z#NetAppMVP #DataDriven",0,0,3,0,"['#NetAppMVP', '#DataDriven']",[],[],https://pbs.twimg.com/profile_images/918955158805114880/SsqZvBod_normal.jpg,https://twitter.com/jamellon123/status/1252574071772061697,tweet_id:1252574071772061697
Jon Mellon,@jamellon123,2020-04-21T00:15:04.000Z,False,"When confronting a situation fraught with anxiety and ambiguity, most of us can imagine no upside. We become paralyzed, caught in unproductive uncertainty. But some can find a positive path forward. This article looks at how: http://ow.ly/I4Y050zgpAm#NetAppMVP #Leadership",1,1,1,0,"['#NetAppMVP', '#Leadership']",[],[],https://pbs.twimg.com/profile_images/918955158805114880/SsqZvBod_normal.jpg,https://twitter.com/jamellon123/status/1252390358287175681,tweet_id:1252390358287175681
Jon Mellon,@jamellon123,2020-04-17T12:15:08.000Z,False,"What does ""Agility"" really mean? A highly relevant lesson in what agility is, and how to achieve it, from a ballet dancer turned professor.http://ow.ly/K3jj50z95sR#NetAppMVP #Leadership #Agility",0,1,1,0,"['#NetAppMVP', '#Leadership', '#Agility']",[],[],https://pbs.twimg.com/profile_images/918955158805114880/SsqZvBod_normal.jpg,https://twitter.com/jamellon123/status/1251122016393981953,tweet_id:1251122016393981953
Jon Mellon,@jamellon123,2020-04-16T12:15:07.000Z,False,"Find out how Hybrid Cloud Management (HCM) technology can provide a unified control point for hybrid infrastructure - so you can focus on all of the benefits of #HybridCloud and none of its potential fragmented burden.
 http://ow.ly/YFIS50z94y6#NetAppMVP #Cloud",0,0,0,0,"['#HybridCloud', '#NetAppMVP', '#Cloud']",[],[],https://pbs.twimg.com/profile_images/918955158805114880/SsqZvBod_normal.jpg,https://twitter.com/jamellon123/status/1250759627752574978,tweet_id:1250759627752574978
Jon Mellon,@jamellon123,2020-04-15T12:15:05.000Z,False,Great article highlighting a fantastic guarantee for our #AzureNetAppFiles customers - you had me at 99.99% @NA_JeffWhitaker!http://ow.ly/C0Xb50z91sf#NetAppMVP #Uptime #DataDriven,0,0,0,0,"['#AzureNetAppFiles', '#NetAppMVP', '#Uptime', '#DataDriven']",[],[],https://pbs.twimg.com/profile_images/918955158805114880/SsqZvBod_normal.jpg,https://twitter.com/jamellon123/status/1250397231116664832,tweet_id:1250397231116664832
Jon Mellon,@jamellon123,2020-04-14T12:15:05.000Z,False,"Find out more about how to build a high-performance #WFH infrastructure.  can’t help you balance working from home with home schooling your kids, but we can help support the best technologies that empower remote offices and classrooms.http://ow.ly/Jd6n50z91d2#NetAppMVP",0,1,4,0,"['#WFH', '#NetAppMVP']",['@NetApp'],[],https://pbs.twimg.com/profile_images/918955158805114880/SsqZvBod_normal.jpg,https://twitter.com/jamellon123/status/1250034843439808512,tweet_id:1250034843439808512
Jon Mellon,@jamellon123,2020-04-13T12:15:06.000Z,False,"Hopefully, over this long weekend you found some time to support your own, and your family's, #health and #wellness. As we head into another week of #workingfromhome here are some great tips from Johns Hopkins. http://ow.ly/untO50z950a#NetAppMVP #Leadership",0,0,0,0,"['#health', '#wellness', '#workingfromhome', '#NetAppMVP', '#Leadership']",[],[],https://pbs.twimg.com/profile_images/918955158805114880/SsqZvBod_normal.jpg,https://twitter.com/jamellon123/status/1249672457088380930,tweet_id:1249672457088380930
Jon Mellon,@jamellon123,2020-04-10T13:20:06.000Z,False,"Taking care of yourself via nutrition, exercise, and stress management is more important than ever. You may not be able to go to the gym, or to a Yoga class, but there are things that you can do. A nice guide from Time magazine.http://ow.ly/ugtz50z3yRK#Leadership #NetAppMVP",0,0,4,0,"['#Leadership', '#NetAppMVP']",[],[],https://pbs.twimg.com/profile_images/918955158805114880/SsqZvBod_normal.jpg,https://twitter.com/jamellon123/status/1248601651453267968,tweet_id:1248601651453267968
Jon Mellon,@jamellon123,2020-04-08T13:20:04.000Z,False,I love to read stories about technology being used for good. http://ow.ly/KJJS50z3z35#Healthcare #TechForGood #NetAppMVP,0,0,1,0,"['#Healthcare', '#TechForGood', '#NetAppMVP']",[],[],https://pbs.twimg.com/profile_images/918955158805114880/SsqZvBod_normal.jpg,https://twitter.com/jamellon123/status/1247876866360344576,tweet_id:1247876866360344576
Jon Mellon,@jamellon123,2020-04-06T13:20:04.000Z,False,"“It is in a crisis that corporate helmsmen show their mettle.” Great article about how leaders are, to quote former US Army Ranger Shawn Engbrecht, “embracing the suck” and facing the upheaval and challenges with their teams. http://ow.ly/kV3B50z3yL6#NetAppMVP #Leadership",0,1,2,0,"['#NetAppMVP', '#Leadership']",[],[],https://pbs.twimg.com/profile_images/918955158805114880/SsqZvBod_normal.jpg,https://twitter.com/jamellon123/status/1247152093322006529,tweet_id:1247152093322006529
Jon Mellon,@jamellon123,2020-04-03T13:45:08.000Z,False,#Data is at the core of Fremantle’s essential services. Happy to share this case study on how  helped the City of Fremantle mobilize their workforce across local government while maintaining business continuity. Learn more: http://ow.ly/2wyS50yWBG6#NetAppMVP #FlexPod,0,0,0,0,"['#Data', '#NetAppMVP', '#FlexPod']",['@NetApp'],[],https://pbs.twimg.com/profile_images/918955158805114880/SsqZvBod_normal.jpg,https://twitter.com/jamellon123/status/1246071237446680576,tweet_id:1246071237446680576
Jon Mellon,@jamellon123,2020-04-02T12:50:08.000Z,False,"“We measure success by the way we touch the lives of people.” – Bob Chapman

Excellent article calling on leaders to lead with purpose and humanity. In yoga practice, they would call this leading with grace. http://ow.ly/k2Kv50yWB2B  #NetAppMVP #Purpose #Leadership",0,2,3,0,"['#NetAppMVP', '#Purpose', '#Leadership']",[],[],https://pbs.twimg.com/profile_images/918955158805114880/SsqZvBod_normal.jpg,https://twitter.com/jamellon123/status/1245695008537280516,tweet_id:1245695008537280516
Jon Mellon,@jamellon123,2020-04-01T15:28:06.000Z,False,Great opportunity to correct a recent article and expose the misinformation produced by an overwhelmed competitor.  The truth will set your free! ,0,0,0,0,[],['@AnthonyLye'],[],https://pbs.twimg.com/profile_images/918955158805114880/SsqZvBod_normal.jpg,https://twitter.com/jamellon123/status/1245372374201090052,tweet_id:1245372374201090052
Jon Mellon,@jamellon123,2020-04-01T12:25:05.000Z,False,Looking to support remote workers? NetApp end-user computing (EUC) and virtual desktop infrastructure (VDI) solutions give you the building blocks to support wide-scale deployments without sacrificing performance.  can help: http://ow.ly/zKCt50yWBxs#NetAppMVP #RemoteWork,0,1,1,0,"['#NetAppMVP', '#RemoteWork']",['@NetApp'],[],https://pbs.twimg.com/profile_images/918955158805114880/SsqZvBod_normal.jpg,https://twitter.com/jamellon123/status/1245326316137742346,tweet_id:1245326316137742346
Jon Mellon,@jamellon123,2020-03-31T12:50:04.000Z,False,"“Pray for your health first, then pray for humanity.” - Maxime Lagacé 

Stumbled across this quotation and thought it quite meaningful at this time.#NetAppMVP #Leadership",0,0,0,0,"['#NetAppMVP', '#Leadership']",[],[],https://pbs.twimg.com/profile_images/918955158805114880/SsqZvBod_normal.jpg,https://twitter.com/jamellon123/status/1244970217417170945,tweet_id:1244970217417170945
Jon Mellon,@jamellon123,2020-03-27T12:40:05.000Z,False,"Virtual meetings can be dry. If you want advice on how to keep your participants engaged and focused on you, and not on Candy Crush, read this article. http://ow.ly/a3F850yQjaz#RemoteWork #NetAppMVP #Leadership",1,1,1,0,"['#RemoteWork', '#NetAppMVP', '#Leadership']",[],[],https://pbs.twimg.com/profile_images/918955158805114880/SsqZvBod_normal.jpg,https://twitter.com/jamellon123/status/1243518152903995392,tweet_id:1243518152903995392
Jon Mellon,@jamellon123,2020-03-27T01:40:03.000Z,False,"Spread calm, not germs.

This article offers some advice: http://ow.ly/qZ8550yQiJy#Wellness #Calm #Leadership #NetAppMVP #Mindfulness",0,0,1,0,"['#Wellness', '#Calm', '#Leadership', '#NetAppMVP', '#Mindfulness']",[],[],https://pbs.twimg.com/profile_images/918955158805114880/SsqZvBod_normal.jpg,https://twitter.com/jamellon123/status/1243352047673581581,tweet_id:1243352047673581581
Jon Mellon,@jamellon123,2020-03-25T13:45:06.000Z,False,Need to support a remote workforce? Find out how to implement VDI on Azure with Cloud Volumes ONTAP here:http://ow.ly/uPkB50yQihS#Azure #NetApp #VDI #NetAppMVP,0,0,0,0,"['#Azure', '#NetApp', '#VDI', '#NetAppMVP']",[],[],https://pbs.twimg.com/profile_images/918955158805114880/SsqZvBod_normal.jpg,https://twitter.com/jamellon123/status/1242809736405409797,tweet_id:1242809736405409797
Jon Mellon,@jamellon123,2020-03-24T13:20:04.000Z,False,"Big #data is the future of #healthcare, and the public cloud is one of healthcare's most significant enablers. Find out how #AzureNetAppFiles is supporting healthcare data - securely.http://ow.ly/DCWP50yQi6f#DataDriven #NetAppMVP",0,0,0,0,"['#data', '#healthcare', '#AzureNetAppFiles', '#DataDriven', '#NetAppMVP']",[],[],https://pbs.twimg.com/profile_images/918955158805114880/SsqZvBod_normal.jpg,https://twitter.com/jamellon123/status/1242441048938422273,tweet_id:1242441048938422273
Jon Mellon,@jamellon123,2020-03-23T13:45:07.000Z,False,"It's a habit ... you close a deal, you shake hands. So, now what do we do?  offers some answers.http://ow.ly/lf3e50yQgRZ#Leadership #SocialDistancing",0,1,1,0,"['#Leadership', '#SocialDistancing']",['@HarvardBiz'],[],https://pbs.twimg.com/profile_images/918955158805114880/SsqZvBod_normal.jpg,https://twitter.com/jamellon123/status/1242084966961381380,tweet_id:1242084966961381380
Jon Mellon,@jamellon123,2020-03-20T12:40:04.000Z,False,"We like our entertainment on demand. We expect flexibility and choices, from TV and movies, to radio and podcasts. What technology makes our binge-watching possible? Here's what's helping behind the scenes:http://ow.ly/5lgK50yK0Lw#NetAppMVP #NetAppCloud #ONTAP",0,0,0,0,"['#NetAppMVP', '#NetAppCloud', '#ONTAP']",[],[],https://pbs.twimg.com/profile_images/918955158805114880/SsqZvBod_normal.jpg,https://twitter.com/jamellon123/status/1240981431683354625,tweet_id:1240981431683354625
Jon Mellon,@jamellon123,2020-03-19T13:20:06.000Z,False,New to managing remote workers? Here are some tips:http://ow.ly/dVu450yK4fK#NetAppMVP #Leadership #Coronavirus,1,1,2,0,"['#NetAppMVP', '#Leadership', '#Coronavirus']",[],[],https://pbs.twimg.com/profile_images/918955158805114880/SsqZvBod_normal.jpg,https://twitter.com/jamellon123/status/1240629120985206787,tweet_id:1240629120985206787
Jon Mellon,@jamellon123,2020-03-18T12:40:04.000Z,False,"""It took us longer to create #AzureNetAppFiles than we anticipated. It took us more time to solve. But we refused to rush, because customers are betting their businesses on our technology."" -Rajeev Jain Great interview and a sure bet. http://ow.ly/ZSiN50yJZYH #NetAppMVP",0,0,0,0,"['#AzureNetAppFiles', '#NetAppMVP']",['@Microsoft'],[],https://pbs.twimg.com/profile_images/918955158805114880/SsqZvBod_normal.jpg,https://twitter.com/jamellon123/status/1240256658674253825,tweet_id:1240256658674253825
Jon Mellon,@jamellon123,2020-03-17T12:20:04.000Z,False,"There’s big news for healthcare sector customers who want security & performance in the cloud: patient data protected under HIPAA is now covered under the Microsoft BAA.

As a native service in Azure, #AzureNetAppFiles keeps compliance simple.http://ow.ly/fwqt50yK15w#NetAppMVP",0,0,0,0,"['#AzureNetAppFiles', '#NetAppMVP']",[],[],https://pbs.twimg.com/profile_images/918955158805114880/SsqZvBod_normal.jpg,https://twitter.com/jamellon123/status/1239889233998987264,tweet_id:1239889233998987264
Jon Mellon,@jamellon123,2020-03-16T13:25:04.000Z,False,"Consider this a business health notice. Due to the #coronavirus, organizations need to support business continuity and remote workers through virtual desktops. These tactics must be employed quickly, safely, and on budget. #AzureNetAppFiles can help.#remotework #NetAppMVP",0,2,3,0,"['#coronavirus', '#AzureNetAppFiles', '#remotework', '#NetAppMVP']",[],[],https://pbs.twimg.com/profile_images/918955158805114880/SsqZvBod_normal.jpg,https://twitter.com/jamellon123/status/1239543206695575553,tweet_id:1239543206695575553
Jon Mellon,@jamellon123,2020-03-13T12:45:07.000Z,False,"Terrific podcast discussion between Enterprise #Cloud Architect, Kamal Vyas, and Cloud Editor in Chief, Steve Mudd, about  IT’s journey to the cloud and how the team adopted #DevOps in the process.http://ow.ly/PSIS50yCR4t#NetAppMVP #NetAppCloud",0,0,1,0,"['#Cloud', '#DevOps', '#NetAppMVP', '#NetAppCloud']",['@NetApp'],[],https://pbs.twimg.com/profile_images/918955158805114880/SsqZvBod_normal.jpg,https://twitter.com/jamellon123/status/1238445987129155589,tweet_id:1238445987129155589
Jon Mellon,@jamellon123,2020-03-12T13:50:03.000Z,False,"When my wife asks, “Do you want to go out for dinner tonight?” she means, “When are you going to start cooking dinner?” Amusing comparison between communicating in a relationship and getting your #data and apps to communicate - effectively. http://ow.ly/LoAj50yCQw9#NetAppMVP",0,0,1,0,"['#data', '#NetAppMVP']",[],[],https://pbs.twimg.com/profile_images/918955158805114880/SsqZvBod_normal.jpg,https://twitter.com/jamellon123/status/1238099942591397888,tweet_id:1238099942591397888
Jon Mellon,@jamellon123,2020-03-12T01:40:03.000Z,False,How do you protect what you can’t see? This post explores the problem of storing sensitive data on cloud-based services and looks at the type of technology that can provide a solution.http://ow.ly/NNOB50yCPWt#NetAppMVP #Cloud #Data,0,0,1,0,"['#NetAppMVP', '#Cloud', '#Data']",[],[],https://pbs.twimg.com/profile_images/918955158805114880/SsqZvBod_normal.jpg,https://twitter.com/jamellon123/status/1237916230033563648,tweet_id:1237916230033563648
Jon Mellon,@jamellon123,2020-03-10T23:50:03.000Z,False,Fantastic article  on our company-wide focus on simplicity and making life/business easier for our Partners.  http://ow.ly/lQN050yCLCO #NetApp #Leadership #NetAppMVP,0,0,4,0,"['#NetApp', '#Leadership', '#NetAppMVP']",['@lamborn_chris'],[],https://pbs.twimg.com/profile_images/918955158805114880/SsqZvBod_normal.jpg,https://twitter.com/jamellon123/status/1237526160134684672,tweet_id:1237526160134684672
Jon Mellon,@jamellon123,2020-03-09T12:40:03.000Z,False,Excellent news for the #healthcare sector - patient #data is now #HIPAA certified to run on #AzureNetAppFiles. This is important as healthcare’s data creation is growing the fastest of all industries and is projected to match the financial services sector by 2025.#NetAppMVP,0,1,2,0,"['#healthcare', '#data', '#HIPAA', '#AzureNetAppFiles', '#NetAppMVP']",[],[],https://pbs.twimg.com/profile_images/918955158805114880/SsqZvBod_normal.jpg,https://twitter.com/jamellon123/status/1236995163735699458,tweet_id:1236995163735699458
Jon Mellon,@jamellon123,2020-03-06T13:40:07.000Z,False,"What do Usain Bolt, Lewis Hamilton, and  all have in common? 

Speed. 

Build a next-generation #datacenter with  and NVMe. NetApp is the first vendor with true end-to-end support of NVMe. 

Zoom, zoom. http://ow.ly/iK8750yxRE5 ",0,1,4,0,"['#datacenter', '']","['@NetApp', '@NetApp']",[],https://pbs.twimg.com/profile_images/918955158805114880/SsqZvBod_normal.jpg,https://twitter.com/jamellon123/status/1235923112518127616,tweet_id:1235923112518127616
Jon Mellon,@jamellon123,2020-03-05T14:25:06.000Z,False,"Feeling overworked? Maybe you should do something about that – like creating a “time portfolio”. This article, in  gives leaders six questions to reflect on. http://ow.ly/oWcG50yxQtM #leadership #NetAppMVP #Balance",0,0,0,0,"['#leadership', '#NetAppMVP', '#Balance']",['@HarvardBiz'],[],https://pbs.twimg.com/profile_images/918955158805114880/SsqZvBod_normal.jpg,https://twitter.com/jamellon123/status/1235572045166997504,tweet_id:1235572045166997504
Jon Mellon,@jamellon123,2020-03-03T21:21:00.000Z,False,Terrific to see Alexander Wallner building momentum with the #NetApp Americas team!#NetAppMVP #Leadership ,0,3,18,0,"['#NetApp', '#NetAppMVP', '#Leadership']",['@alexwalln'],[],https://pbs.twimg.com/profile_images/918955158805114880/SsqZvBod_normal.jpg,https://twitter.com/jamellon123/status/1234951936127963142,tweet_id:1234951936127963142
Jon Mellon,@jamellon123,2020-03-03T14:15:08.000Z,False,Great new case study about how  is able to deliver the highest levels of performance in Microsoft Azure with #AzureNetAppFiles. http://ow.ly/wfS650yxR1P #NetAppCloud #NetAppMVP,1,0,1,0,"['#AzureNetAppFiles', '#NetAppCloud', '#NetAppMVP']",['@Jedox'],[],https://pbs.twimg.com/profile_images/918955158805114880/SsqZvBod_normal.jpg,https://twitter.com/jamellon123/status/1234844762122964993,tweet_id:1234844762122964993
Jon Mellon,@jamellon123,2020-03-03T02:25:02.000Z,False,"AI is “the single most powerful force of our time,” says Jensen Huang, CEO of our partner . Everyone knows that “AI” stands for “artificial intelligence.” Or does it? http://ow.ly/M5Vk50yxQQF #NetAppMVP #AI",0,0,0,0,"['#NetAppMVP', '#AI']",['@nvidia'],[],https://pbs.twimg.com/profile_images/918955158805114880/SsqZvBod_normal.jpg,https://twitter.com/jamellon123/status/1234666060898435073,tweet_id:1234666060898435073
Jon Mellon,@jamellon123,2020-02-28T14:20:05.000Z,False,"Tesla seems to be a polarizing company. Regardless of whether you love it or not, you can't argue with the fact that  pushes boundaries. Interesting article about Tesla’s #innovation strategy which offers lessons for any innovator.http://ow.ly/1nRV50yrwwl#NetAppMVP",0,0,0,0,"['#innovation', '#NetAppMVP']",['@Tesla'],[],https://pbs.twimg.com/profile_images/918955158805114880/SsqZvBod_normal.jpg,https://twitter.com/jamellon123/status/1233396456712744960,tweet_id:1233396456712744960
Jon Mellon,@jamellon123,2020-02-27T13:20:05.000Z,False,"It's been said that old-style command-and-control leadership is “out” and a new way of leading is “in.” For example, instead of working from the gut, a leader should rely on data. Shouldn't there be a blend - instinct and data?http://ow.ly/hErw50yrwck#leadership #NetAppMVP",0,0,2,0,"['#leadership', '#NetAppMVP']",[],[],https://pbs.twimg.com/profile_images/918955158805114880/SsqZvBod_normal.jpg,https://twitter.com/jamellon123/status/1233018970720100353,tweet_id:1233018970720100353
Jon Mellon,@jamellon123,2020-02-25T13:25:04.000Z,False,"If you've not dealt with  in a while, you may not recognize us. According to IDC, there's a new NetApp on the rise. See how we've differentiated ourselves from competitors & are poised to help organizations undergo #digitaltransformation. http://ow.ly/62vP50yrtH7 #NetAppMVP",0,1,4,0,"['#digitaltransformation', '#NetAppMVP']",['@NetApp'],[],https://pbs.twimg.com/profile_images/918955158805114880/SsqZvBod_normal.jpg,https://twitter.com/jamellon123/status/1232295447991083009,tweet_id:1232295447991083009
Jon Mellon,@jamellon123,2020-02-24T13:50:05.000Z,False,"IT teams are tasked with reducing silos, delivering & deploying apps in both public & private clouds, & creating a public #cloud experience in the datacenter. You demanded &  supplied: disaggregated hyperconverged infrastructure (dHCI).http://ow.ly/ZCRN50yrt7A#NetAppMVP",0,0,1,0,"['#cloud', '#NetAppMVP']",['@NetApp'],[],https://pbs.twimg.com/profile_images/918955158805114880/SsqZvBod_normal.jpg,https://twitter.com/jamellon123/status/1231939355578597377,tweet_id:1231939355578597377
Jon Mellon,@jamellon123,2020-02-23T22:20:05.000Z,True,"If they can find a way to limit turnovers and make free@throws, this could get interesting.  Go Hoosiers!",0,0,1,0,[],[],[],https://pbs.twimg.com/profile_images/918955158805114880/SsqZvBod_normal.jpg,https://twitter.com/jamellon123/status/1231705314698895363,tweet_id:1231705314698895363
Jon Mellon,@jamellon123,2020-02-21T12:15:08.000Z,False,"NetApp’s Active IQ cloud service allows hybrid systems to benefit from swarm intelligence. Therefore, you get a chance to learn from the best – automatically & in real time. Find out how to use #MachineLearning for data management. http://ow.ly/Jp8450ylWOv #NetAppMVP #NetAppCloud",0,3,1,0,"['#MachineLearning', '#NetAppMVP', '#NetAppCloud']",[],[],https://pbs.twimg.com/profile_images/918955158805114880/SsqZvBod_normal.jpg,https://twitter.com/jamellon123/status/1230828299695378433,tweet_id:1230828299695378433
Jon Mellon,@jamellon123,2020-02-20T13:05:06.000Z,False,"""Corporate reputation is an invaluable asset with an appreciable impact on a company's bottom line. On average, global executives attribute 63% of their company's market value to their company's overall reputation.""http://ow.ly/dAso50ylWlv#NetAppMVP #Leadership #Reputation",0,0,0,0,"['#NetAppMVP', '#Leadership', '#Reputation']",[],[],https://pbs.twimg.com/profile_images/918955158805114880/SsqZvBod_normal.jpg,https://twitter.com/jamellon123/status/1230478482813132800,tweet_id:1230478482813132800
Jon Mellon,@jamellon123,2020-02-19T12:45:05.000Z,False,"GigaOm named NetApp HCI a Go Award Winner in several categories including Near-Term Game Changing Technology for its container support. It also received high marks for scalability, TCO, edge-core cloud integration, analytics, & more! #NetAppMVP #NetAppHCIhttp://ow.ly/Bm2N50ylVmB",0,0,0,0,"['#NetAppMVP', '#NetAppHCI']",[],[],https://pbs.twimg.com/profile_images/918955158805114880/SsqZvBod_normal.jpg,https://twitter.com/jamellon123/status/1230111059362689024,tweet_id:1230111059362689024
Jon Mellon,@jamellon123,2020-02-18T12:15:06.000Z,False,"To be more #datadriven, look for the right business partner. A ""viable option is to look at innovation partnerships. These can provide valuable access to technology and talent.""  &  partnered to create #AzureNetAppFiles.http://ow.ly/k9xn50ylV0Q#NetAppMVP",0,1,0,0,"['#datadriven', '#AzureNetAppFiles', '#NetAppMVP']","['@Microsoft', '@NetApp']",[],https://pbs.twimg.com/profile_images/918955158805114880/SsqZvBod_normal.jpg,https://twitter.com/jamellon123/status/1229741124488658944,tweet_id:1229741124488658944
Jon Mellon,@jamellon123,2020-02-18T00:15:03.000Z,False,"Companies use AI PaaS offerings from the cloud to minimize IT resource expenditure. NetApp Nvidia Pod architectures, like #FlexPod, enable a hybrid infrastructure combining the advantages of the #publiccloud with the security of on-premise. http://ow.ly/oq5Y50ylTAJ#NetAppMVP",0,0,2,0,"['#FlexPod', '#publiccloud', '#NetAppMVP']",[],[],https://pbs.twimg.com/profile_images/918955158805114880/SsqZvBod_normal.jpg,https://twitter.com/jamellon123/status/1229559918841286657,tweet_id:1229559918841286657
Jon Mellon,@jamellon123,2020-02-14T16:36:20.000Z,False,Congratulations Collective 54 on the investment from Alexander Enterprise! https://businesswire.com/news/home/20200213005168/en/Alexander-Enterprises-Invests-Collective-54…,0,0,0,0,[],[],[],https://pbs.twimg.com/profile_images/918955158805114880/SsqZvBod_normal.jpg,https://twitter.com/jamellon123/status/1228357315679490048,tweet_id:1228357315679490048
Jon Mellon,@jamellon123,2020-02-14T13:55:10.000Z,False,Wishing all the data-lovers a Happy Valentine's Day!http://ow.ly/KSDD50yfk5P#NetAppMVP #Data,0,0,0,0,"['#NetAppMVP', '#Data']",[],[],https://pbs.twimg.com/profile_images/918955158805114880/SsqZvBod_normal.jpg,https://twitter.com/jamellon123/status/1228316755669463041,tweet_id:1228316755669463041
Jon Mellon,@jamellon123,2020-02-13T13:50:05.000Z,False,"Really interesting article on the race to produce a vaccine for the #Coronavirus. Being able to properly store, share, and manipulate #data is vital to speeding up medical research when outbreaks happen.  can power  your breakthrough.http://ow.ly/D4WD50yfhG2#NetAppMVP",0,1,1,0,"['#Coronavirus', '#data', '#NetAppMVP']",['@NetApp'],[],https://pbs.twimg.com/profile_images/918955158805114880/SsqZvBod_normal.jpg,https://twitter.com/jamellon123/status/1227953087790211072,tweet_id:1227953087790211072
Jon Mellon,@jamellon123,2020-02-12T13:40:05.000Z,False,"There’s much talk about #AI projects in #healthcare and the #data that coincides. You know who doesn’t get as much attention? Data scientists. Give your data scientists some love, and their time back. See what  can do for them: http://ow.ly/S9Eg50ygtDQ",0,2,4,0,"['#AI', '#healthcare', '#data']",['@NetApp'],[],https://pbs.twimg.com/profile_images/918955158805114880/SsqZvBod_normal.jpg,https://twitter.com/jamellon123/status/1227588185061982208,tweet_id:1227588185061982208
Jon Mellon,@jamellon123,2020-02-11T14:40:04.000Z,False,"Wish you could’ve been at #NetAppINSIGHT 2020 in London? Well, grab some fish and chips, and watch the full day video packed with customer, partner, and executive interviews: https://youtube.com/watch?v=5jChh29nY4Q…#NetAppMVP  ",0,0,6,0,"['#NetAppINSIGHT', '#NetAppMVP']","['@NetApp', '@NetAppEMEA']",[],https://pbs.twimg.com/profile_images/918955158805114880/SsqZvBod_normal.jpg,https://twitter.com/jamellon123/status/1227240893062799361,tweet_id:1227240893062799361
Jon Mellon,@jamellon123,2020-02-10T14:25:04.000Z,False,Are you “dealing with more siloes than a Wisconsin dairy farmer?” Then check out ’s Data Fabric – and Anthony Lye’s awesome keynote speech from #NetAppINSIGHT London 2020: https://youtube.com/watch?v=HAJWLWN5ACM… #NetAppMVP,0,1,3,0,"['#NetAppINSIGHT', '#NetAppMVP']",['@NetApp'],[],https://pbs.twimg.com/profile_images/918955158805114880/SsqZvBod_normal.jpg,https://twitter.com/jamellon123/status/1226874730763911168,tweet_id:1226874730763911168
Jon Mellon,@jamellon123,2020-02-07T13:45:09.000Z,False,This article about working under cowardly bosses got my attention because we rarely think about the negative effects that cowardice can have on corporate culture. http://ow.ly/gRaK50y9ph0#NetAppMVP #Leadership,0,1,0,0,"['#NetAppMVP', '#Leadership']",[],[],https://pbs.twimg.com/profile_images/918955158805114880/SsqZvBod_normal.jpg,https://twitter.com/jamellon123/status/1225777519758127104,tweet_id:1225777519758127104
Jon Mellon,@jamellon123,2020-02-06T14:10:08.000Z,False,Data is the cornerstone of any #HPC project. #Supercomputing is all about gathering and analyzing data so that it can work its magic in game-changing ways. But a supercomputer isn’t enough if your storage can't keep up.http://ow.ly/Ei1d50y9oLD#NetAppMVP #DataDriven,0,0,2,0,"['#HPC', '#Supercomputing', '#NetAppMVP', '#DataDriven']",[],[],https://pbs.twimg.com/profile_images/918955158805114880/SsqZvBod_normal.jpg,https://twitter.com/jamellon123/status/1225421418747322370,tweet_id:1225421418747322370
Jon Mellon,@jamellon123,2020-02-06T01:10:03.000Z,False,"According to a recent study, credit card fraud in the United States is expected to reach $12 billion in 2020. Yikes.

Luckily,  ONTAP AI can help. http://ow.ly/tf7t50y9o87#NetAppMVP #AI #FinServices",0,1,8,0,"['#NetAppMVP', '#AI', '#FinServices']",['@NetApp'],[],https://pbs.twimg.com/profile_images/918955158805114880/SsqZvBod_normal.jpg,https://twitter.com/jamellon123/status/1225225107683106816,tweet_id:1225225107683106816
Jon Mellon,@jamellon123,2020-02-04T14:10:06.000Z,False,"“If You Want to Have Good Partners, Be a Good Partner”
- Lou Anne Reynolds, Director Global Partner Programs,  

A bit about Lou Anne's first months with NetApp, and her efforts to make things better for our . http://ow.ly/AoJC50yafTm#NetAppMVP",0,0,2,0,['#NetAppMVP'],"['@NetApp', '@NetAppPartners']",[],https://pbs.twimg.com/profile_images/918955158805114880/SsqZvBod_normal.jpg,https://twitter.com/jamellon123/status/1224696638188462080,tweet_id:1224696638188462080
Jon Mellon,@jamellon123,2020-02-03T14:25:06.000Z,False,"What does 'mind your business' mean to you? 

Does it mean ""don't be so nosy"", or ""don't gossip?"" Or does it mean you should pay more attention?

This is what it means to : https://blog.netapp.com/partner-programs…#NetAppMVP  ",0,0,1,0,['#NetAppMVP'],"['@NetApp', '@NetAppPartners']",[],https://pbs.twimg.com/profile_images/918955158805114880/SsqZvBod_normal.jpg,https://twitter.com/jamellon123/status/1224338023187390466,tweet_id:1224338023187390466
Jon Mellon,@jamellon123,2020-01-31T13:25:03.000Z,False,"Want to know if your SAN is healthy?  tells you how you can, with a tool that is free! Now that's a health check I can get behind. http://ow.ly/8yAg50y4mXh #NetAppMVP",0,1,2,0,['#NetAppMVP'],['@ntapFLIguy'],[],https://pbs.twimg.com/profile_images/918955158805114880/SsqZvBod_normal.jpg,https://twitter.com/jamellon123/status/1223235748457078784,tweet_id:1223235748457078784
Jon Mellon,@jamellon123,2020-01-30T13:35:04.000Z,False,Marvelous overview in  about how doing the little things can make employees feel appreciated! http://ow.ly/dYVb50y4mTF #NetAppMVP,0,0,1,0,['#NetAppMVP'],['@HarvardBiz'],[],https://pbs.twimg.com/profile_images/918955158805114880/SsqZvBod_normal.jpg,https://twitter.com/jamellon123/status/1222875880252497922,tweet_id:1222875880252497922
Jon Mellon,@jamellon123,2020-01-29T13:50:06.000Z,False,"Really enjoyed reading this blog where real users discuss how  AFF improves performance, TCO, and tiering. http://ow.ly/dLbd50y4mPk #NetAppMVP",0,0,3,0,['#NetAppMVP'],['@NetApp'],[],https://pbs.twimg.com/profile_images/918955158805114880/SsqZvBod_normal.jpg,https://twitter.com/jamellon123/status/1222517274659246080,tweet_id:1222517274659246080
Jon Mellon,@jamellon123,2020-01-28T13:55:05.000Z,False,Fascinating read about AI in #healthcare by . http://ow.ly/1LUc50y4mJO #NetAppMVP #DataDriven,0,0,0,0,"['#healthcare', '#NetAppMVP', '#DataDriven']",['@mmcnamara12'],[],https://pbs.twimg.com/profile_images/918955158805114880/SsqZvBod_normal.jpg,https://twitter.com/jamellon123/status/1222156141351837696,tweet_id:1222156141351837696
Jon Mellon,@jamellon123,2020-01-27T14:10:04.000Z,False,How is memory-accelerated #FlexPod like a royal flush?  shares the connection right here: http://ow.ly/xZid50y4mFw #NetAppMVP,0,0,0,0,"['#FlexPod', '#NetAppMVP']",['@BMNYNY'],[],https://pbs.twimg.com/profile_images/918955158805114880/SsqZvBod_normal.jpg,https://twitter.com/jamellon123/status/1221797524983382016,tweet_id:1221797524983382016
Jon Mellon,@jamellon123,2020-01-24T14:40:05.000Z,False,Great tips in this  article about how to identify top talent. Tip #5 resonates with me! http://ow.ly/ISq450xYdAU #NetAppMVP,0,0,0,0,['#NetAppMVP'],['@HarvardBiz'],[],https://pbs.twimg.com/profile_images/918955158805114880/SsqZvBod_normal.jpg,https://twitter.com/jamellon123/status/1220717914149531648,tweet_id:1220717914149531648
Jon Mellon,@jamellon123,2020-01-23T14:45:06.000Z,False,"Because  is a company that listens, we have been able to make great strides forward to deliver what our customers and partners need. Your opinion matters to us. http://ow.ly/UkWz50xYdsx #NetAppMVP",0,0,5,0,['#NetAppMVP'],['@NetApp'],[],https://pbs.twimg.com/profile_images/918955158805114880/SsqZvBod_normal.jpg,https://twitter.com/jamellon123/status/1220356789889388544,tweet_id:1220356789889388544
Jon Mellon,@jamellon123,2020-01-22T14:35:03.000Z,False,Did you know that  recycles hardware from data centers every 36 to 42 months? Randy Egger explains how this helps us balance the two biggest expenses: power and capacity. Read more about it here: http://ow.ly/xOCh50xYdnj #NetAppMVP,0,0,4,0,['#NetAppMVP'],['@NetApp'],[],https://pbs.twimg.com/profile_images/918955158805114880/SsqZvBod_normal.jpg,https://twitter.com/jamellon123/status/1219991873286217729,tweet_id:1219991873286217729
Jon Mellon,@jamellon123,2020-01-21T14:25:04.000Z,False,"""Putting a DevOps strategy in place makes sense if your business is interested in decreasing time to market, raising customer satisfaction, and increasing productivity and collaboration among your teams."" Great read by Beth Busenhart. http://ow.ly/eBYu50xYdhs #NetAppMVP",0,1,0,0,['#NetAppMVP'],[],[],https://pbs.twimg.com/profile_images/918955158805114880/SsqZvBod_normal.jpg,https://twitter.com/jamellon123/status/1219626973946884101,tweet_id:1219626973946884101
Jon Mellon,@jamellon123,2020-01-20T14:55:04.000Z,False,Excited to welcome Kim Stevenson to the NetApp team in the role of  SVP and GM of our Foundational Data Services Business Unit (FDSBU). Welcome Kim! http://ow.ly/EkNx50xYdcg #NetAppMVP,0,0,0,0,['#NetAppMVP'],[],[],https://pbs.twimg.com/profile_images/918955158805114880/SsqZvBod_normal.jpg,https://twitter.com/jamellon123/status/1219272136294129664,tweet_id:1219272136294129664
Jon Mellon,@jamellon123,2020-01-17T13:20:04.000Z,False,"We have some large, old enterprise apps that need a major overhaul, and we have the best IT team to do the job. Florian Lippisch provides a great overview of how his team up-levelled the  Support site. Read about it here:http://ow.ly/rHbr50xQBXF #NetAppMVP",0,0,0,0,['#NetAppMVP'],['@NetApp'],[],https://pbs.twimg.com/profile_images/918955158805114880/SsqZvBod_normal.jpg,https://twitter.com/jamellon123/status/1218161061645443077,tweet_id:1218161061645443077
Jon Mellon,@jamellon123,2020-01-16T13:25:04.000Z,False,"""Leaders with good judgment tend to be good listeners and readers."" Super interesting read in  about what elements make up good judgment. http://ow.ly/f8KO50xQBPl #NetAppMVP",1,2,3,0,['#NetAppMVP'],['@HarvardBiz'],[],https://pbs.twimg.com/profile_images/918955158805114880/SsqZvBod_normal.jpg,https://twitter.com/jamellon123/status/1217799933794967553,tweet_id:1217799933794967553
Jon Mellon,@jamellon123,2020-01-15T13:40:04.000Z,False,We've done it again. IDC MarketScape: NetApp a Leader in Scale-Out NAS (File-Based Storage).  digs into the details here: http://ow.ly/salG50xQBMC #NetAppMVP,0,1,4,0,['#NetAppMVP'],['@baxontap'],[],https://pbs.twimg.com/profile_images/918955158805114880/SsqZvBod_normal.jpg,https://twitter.com/jamellon123/status/1217441321952169984,tweet_id:1217441321952169984
Jon Mellon,@jamellon123,2020-01-14T13:55:06.000Z,False,"""It can be fully on-premise, it can be hosted, or it can be the hybrid model. For customers, this is the biggest windfall."" Customer stories rock. If your organization is considering #FlexPod, read this to get the inside scoop. http://ow.ly/8K5C50xQBKp #NetAppMVP",0,0,1,0,"['#FlexPod', '#NetAppMVP']",[],[],https://pbs.twimg.com/profile_images/918955158805114880/SsqZvBod_normal.jpg,https://twitter.com/jamellon123/status/1217082714324717568,tweet_id:1217082714324717568
Jon Mellon,@jamellon123,2020-01-13T13:50:04.000Z,False,Great start to the New Year with this recognition in the IDC MarketScape Report 2019: NetApp Is Again Named a Leader in Object Storage! More here: http://ow.ly/1ftx50xQBHQ #NetAppMVP,0,1,2,0,['#NetAppMVP'],[],[],https://pbs.twimg.com/profile_images/918955158805114880/SsqZvBod_normal.jpg,https://twitter.com/jamellon123/status/1216719063457636353,tweet_id:1216719063457636353
Jon Mellon,@jamellon123,2020-01-10T14:55:07.000Z,False,"With  Keystone, companies can lessen the complexities associated with IT infrastructure and lifecycle management. It's my favorite thing to talk about because it is a game-changer. Learn more about Keystone here: http://ow.ly/V8Id50xLypY #NetAppMVP",0,1,4,0,['#NetAppMVP'],['@NetApp'],[],https://pbs.twimg.com/profile_images/918955158805114880/SsqZvBod_normal.jpg,https://twitter.com/jamellon123/status/1215648266701983744,tweet_id:1215648266701983744
Jon Mellon,@jamellon123,2020-01-09T14:40:06.000Z,False,Super interesting read in  examines the biggest business deals of 2019 and how they will be indicators of what to expect during this next decade. http://ow.ly/XFDX50xLymy,0,0,1,0,[],['@HarvardBiz'],[],https://pbs.twimg.com/profile_images/918955158805114880/SsqZvBod_normal.jpg,https://twitter.com/jamellon123/status/1215282103081951234,tweet_id:1215282103081951234
Jon Mellon,@jamellon123,2020-01-08T14:40:08.000Z,False,"""The secret to digital is analog. By analog we mean people: people who are collaborative, agile, analytical, innovative, and who have the ability and desire to exploit emerging technologies for better business outcomes."" ~ Tina Nunno, VP, Gartner http://ow.ly/onGe50xLyhM",0,0,1,0,[],[],[],https://pbs.twimg.com/profile_images/918955158805114880/SsqZvBod_normal.jpg,https://twitter.com/jamellon123/status/1214919723734982658,tweet_id:1214919723734982658
Jon Mellon,@jamellon123,2020-01-07T14:35:04.000Z,False,"Great overview by Dianne Paton on how to deploy cloud volumes on-premises with  HCI, and why you want to do it for your organization. http://ow.ly/wCYx50xLydz #NetAppMVP #HCI",0,0,0,0,"['#NetAppMVP', '#HCI']",['@NetApp'],[],https://pbs.twimg.com/profile_images/918955158805114880/SsqZvBod_normal.jpg,https://twitter.com/jamellon123/status/1214556060431859713,tweet_id:1214556060431859713
Jon Mellon,@jamellon123,2020-01-06T15:05:08.000Z,False,Ransomware costs 1 out of 4 healthcare organizations 9.6 days of system downtime per attack. Great to see that #FlexPod can help! http://ow.ly/cp2V50xLya2 #healthcare #NetAppMVP,0,1,1,0,"['#FlexPod', '#healthcare', '#NetAppMVP']",[],[],https://pbs.twimg.com/profile_images/918955158805114880/SsqZvBod_normal.jpg,https://twitter.com/jamellon123/status/1214201235974316033,tweet_id:1214201235974316033
Jon Mellon,@jamellon123,2020-01-03T15:25:04.000Z,False,I 100% agree with you .  is the best kept secret in tech! Want to know why? Check out his blog post here: http://ow.ly/ZN4f50xJXaF #NetAppMVP #Cloud,0,3,6,0,"['#NetAppMVP', '#Cloud']","['@John_Woodall', '@NetApp']",[],https://pbs.twimg.com/profile_images/918955158805114880/SsqZvBod_normal.jpg,https://twitter.com/jamellon123/status/1213119091193593856,tweet_id:1213119091193593856
Jon Mellon,@jamellon123,2020-01-02T15:15:06.000Z,False,"“Leadership is a potent combination of strategy and character. But if you must be without one, be without strategy.” ~ Norman Schwarzkopf. Your character determines who you are at your core. Drop the strategy before you ever compromise your character.",0,1,3,0,[],[],[],https://pbs.twimg.com/profile_images/918955158805114880/SsqZvBod_normal.jpg,https://twitter.com/jamellon123/status/1212754192424751106,tweet_id:1212754192424751106
Jon Mellon,@jamellon123,2020-01-01T14:05:05.000Z,False,Happy New Year everyone! Wishing you the very best as we head into a new decade! #NetAppMVP,1,1,13,0,['#NetAppMVP'],[],[],https://pbs.twimg.com/profile_images/918955158805114880/SsqZvBod_normal.jpg,https://twitter.com/jamellon123/status/1212374184367669249,tweet_id:1212374184367669249
Jon Mellon,@jamellon123,2019-12-31T14:05:05.000Z,False,Exciting news! IDC MarketScape Report 2019 names  a Leader in Object Storage!  breaks it down here: http://ow.ly/CtOD50xJWLR #NetAppMVP #DataDriven,0,1,5,0,"['#NetAppMVP', '#DataDriven']","['@NetApp', '@NCDunc']",[],https://pbs.twimg.com/profile_images/918955158805114880/SsqZvBod_normal.jpg,https://twitter.com/jamellon123/status/1212011799677157377,tweet_id:1212011799677157377
Jon Mellon,@jamellon123,2019-12-30T18:05:03.000Z,False,"The New Year is almost upon us, and so are the annual ""prediction"" lists. This one's a great read if you are curious where 2020 will take ! Check out our Top 3 Predictions here: http://ow.ly/cnlF50xJWIg #NetAppMVP #DataDriven #AI #HCI #5G #BlockChain",0,0,1,0,"['#NetAppMVP', '#DataDriven', '#AI', '#HCI', '#5G', '#BlockChain']",['@NetApp'],[],https://pbs.twimg.com/profile_images/918955158805114880/SsqZvBod_normal.jpg,https://twitter.com/jamellon123/status/1211709801480249344,tweet_id:1211709801480249344
Jon Mellon,@jamellon123,2019-12-27T13:55:05.000Z,False,"It's hard to resist a good year-end ""best of"" list. Here are some great management tips from  to consider for the new year ahead. #Leadership http://ow.ly/4ZkP50xFixH",0,0,0,0,['#Leadership'],['@HarvardBiz'],[],https://pbs.twimg.com/profile_images/918955158805114880/SsqZvBod_normal.jpg,https://twitter.com/jamellon123/status/1210559731082891264,tweet_id:1210559731082891264
Jon Mellon,@jamellon123,2019-12-26T13:55:05.000Z,False,This is a profound question that we should all ask more often. (Hint: it's about family.) I hope that everyone has the opportunity to spend time with loved ones over this holiday season. #Leadership http://ow.ly/kzYP50xFkxU,0,0,0,0,['#Leadership'],[],[],https://pbs.twimg.com/profile_images/918955158805114880/SsqZvBod_normal.jpg,https://twitter.com/jamellon123/status/1210197341979992067,tweet_id:1210197341979992067
Jon Mellon,@jamellon123,2019-12-25T14:20:06.000Z,False,Wishing you and your families the very best of the holiday season. Merry Christmas! #NetAppMVP,0,0,3,0,['#NetAppMVP'],[],[],https://pbs.twimg.com/profile_images/918955158805114880/SsqZvBod_normal.jpg,https://twitter.com/jamellon123/status/1209841248275771392,tweet_id:1209841248275771392
Jon Mellon,@jamellon123,2019-12-24T13:55:12.000Z,False,"Kindness is often one of the greatest gifts we can give, no matter how we earn our living. #Leadership http://ow.ly/3r5s50xFldY",0,0,4,0,['#Leadership'],[],[],https://pbs.twimg.com/profile_images/918955158805114880/SsqZvBod_normal.jpg,https://twitter.com/jamellon123/status/1209472597060210688,tweet_id:1209472597060210688
Jon Mellon,@jamellon123,2019-12-23T13:55:09.000Z,False,"ICYMI: I named #NetApp Keystone as my number one NetApp announcement from 2019. If you haven't had a chance to watch this video, the fantastic imagery and crisp explanation are worth a minute of your time! https://youtube.com/watch?v=bbhrsp4C99Y…",0,0,2,0,['#NetApp'],[],[],https://pbs.twimg.com/profile_images/918955158805114880/SsqZvBod_normal.jpg,https://twitter.com/jamellon123/status/1209110193713352704,tweet_id:1209110193713352704
Jon Mellon,@jamellon123,2019-12-20T13:35:04.000Z,False,And the Number One Announcement made this year by  is: Keystone! Our newest cloud consumption offering gives everyone access to the the perfect #Cloud to meet their needs.http://ow.ly/EEHc50xxhnc #NetAppMVP,0,0,0,0,"['#Cloud', '#NetAppMVP']",['@NetApp'],[],https://pbs.twimg.com/profile_images/918955158805114880/SsqZvBod_normal.jpg,https://twitter.com/jamellon123/status/1208017979847385088,tweet_id:1208017979847385088
Jon Mellon,@jamellon123,2019-12-19T13:25:04.000Z,False,Number 2 on my list of Top Announcements  made this year is being recognized as a Leader in Primary Storage by Gartner. Download their Magic Quadrant here: http://ow.ly/WsJd50xxhjq #NetAppMVP,0,0,2,0,['#NetAppMVP'],['@NetApp'],[],https://pbs.twimg.com/profile_images/918955158805114880/SsqZvBod_normal.jpg,https://twitter.com/jamellon123/status/1207653074430517249,tweet_id:1207653074430517249
Jon Mellon,@jamellon123,2019-12-18T13:05:06.000Z,False,"Number 3 on my list of Top Announcements  made this year is our collaboration with  to develop a suite of integrated, enterprise-class storage services that helps you focus on the innovation of your #cloud storage. http://ow.ly/5TcX50xxhgi #NetAppMVP",0,0,0,0,"['#cloud', '#NetAppMVP']","['@NetApp', '@Google']",[],https://pbs.twimg.com/profile_images/918955158805114880/SsqZvBod_normal.jpg,https://twitter.com/jamellon123/status/1207285662912786432,tweet_id:1207285662912786432
Jon Mellon,@jamellon123,2019-12-17T14:05:08.000Z,False,"Number 4 on my list of Top Announcements  made this year is #AzureNetAppFiles. A  #Azure file storage service built on NetApp technology, giving you the file capabilities in Azure that your core business applications require! http://ow.ly/P6zS50xxhcp #NetAppMVP",0,1,2,0,"['#AzureNetAppFiles', '#Azure', '#NetAppMVP']","['@NetApp', '@Microsoft']",[],https://pbs.twimg.com/profile_images/918955158805114880/SsqZvBod_normal.jpg,https://twitter.com/jamellon123/status/1206938379679608832,tweet_id:1206938379679608832
Jon Mellon,@jamellon123,2019-12-16T14:15:07.000Z,False,"The year is drawing to a close, and I want to reflect on the Top 5 Great Announcements that  made this year! So at #5 is the AFF C190 perfect for smaller #DataDriven organizations. It’s a low-cost #Flash solution for IT generalists. http://ow.ly/Z5nY50xxh9w #NetAppMVP",0,0,2,0,"['#DataDriven', '#Flash', '#NetAppMVP']",['@NetApp'],[],https://pbs.twimg.com/profile_images/918955158805114880/SsqZvBod_normal.jpg,https://twitter.com/jamellon123/status/1206578506798379011,tweet_id:1206578506798379011
Jon Mellon,@jamellon123,2019-12-15T16:35:52.000Z,True,I would ask everyone to consider the Divinity of this story. Heart a bit warmer today.,0,1,3,0,[],[],[],https://pbs.twimg.com/profile_images/918955158805114880/SsqZvBod_normal.jpg,https://twitter.com/jamellon123/status/1206251538202726400,tweet_id:1206251538202726400
Jon Mellon,@jamellon123,2019-12-13T13:15:08.000Z,False,Another great customer review about #FlexPod and how switching over benefited them financially. You can read more about it here: http://ow.ly/OKtn50xuh0i #NetAppMVP,0,0,4,0,"['#FlexPod', '#NetAppMVP']",[],[],https://pbs.twimg.com/profile_images/918955158805114880/SsqZvBod_normal.jpg,https://twitter.com/jamellon123/status/1205476245292699648,tweet_id:1205476245292699648
Jon Mellon,@jamellon123,2019-12-12T13:15:10.000Z,False,"Meditation and leadership - who would have thought the two would go hand-in-hand, but they do. Great article in  that will help us all to understand how to transend our egos to help us be better leaders. http://ow.ly/gcbo50xugZP #Leadership",0,0,2,0,['#Leadership'],['@HarvardBiz'],[],https://pbs.twimg.com/profile_images/918955158805114880/SsqZvBod_normal.jpg,https://twitter.com/jamellon123/status/1205113868051263488,tweet_id:1205113868051263488
Jon Mellon,@jamellon123,2019-12-11T13:20:06.000Z,False,Great article by  for any partner who wants to get started with Hybrid MultiCloud for #DigitalTransformation! Read it here: http://ow.ly/TP4q50xugZc #NetAppMVP,0,0,3,0,"['#DigitalTransformation', '#NetAppMVP']",['@nkzehring'],[],https://pbs.twimg.com/profile_images/918955158805114880/SsqZvBod_normal.jpg,https://twitter.com/jamellon123/status/1204752719183003649,tweet_id:1204752719183003649
Jon Mellon,@jamellon123,2019-12-10T13:25:04.000Z,False,"If you are looking for ways to ensure your data center modernization meets your ROI goals, I recommend giving this blog by  a read. http://ow.ly/GrqQ50xugYx #NetAppMVP #FLASH",0,0,4,0,"['#NetAppMVP', '#FLASH']",['@CaptainHem'],[],https://pbs.twimg.com/profile_images/918955158805114880/SsqZvBod_normal.jpg,https://twitter.com/jamellon123/status/1204391581408731137,tweet_id:1204391581408731137
Jon Mellon,@jamellon123,2019-12-10T04:21:00.000Z,False,What a blessing to celebrate my friend being inducted into the College Football HOF. Raghib “Rocket” Ismail.  One of the best players of all time...wait for it...and an even better man. ,2,2,10,0,[],['@NDFootball'],[],https://pbs.twimg.com/profile_images/918955158805114880/SsqZvBod_normal.jpg,https://twitter.com/jamellon123/status/1204254663052320768,tweet_id:1204254663052320768
Tim Dean,@sjlifer,2019-12-09T16:58:52.000Z,False,It's been said that simplicity should be the first goal of intelligent product design. Check out the simplicity of Azure NetApp Files.,0,1,5,0,[],[],[],https://pbs.twimg.com/profile_images/1026584872910053377/2TYtinn1_normal.jpg,https://twitter.com/sjlifer/status/1204082997789675522,tweet_id:1204082997789675522
Jon Mellon,@jamellon123,2019-12-09T13:10:05.000Z,False,Fantastic article in  with  articulating how our partners can increase their margin by 20% with  Keystone. Read more here: http://ow.ly/lKBo50xugVS #NetAppMVP,0,0,3,0,['#NetAppMVP'],"['@ChannelFutures', '@lamborn_chris', '@NetApp']",[],https://pbs.twimg.com/profile_images/918955158805114880/SsqZvBod_normal.jpg,https://twitter.com/jamellon123/status/1204025422452871169,tweet_id:1204025422452871169
Jon Mellon,@jamellon123,2019-12-06T14:45:06.000Z,False,"ICYMI - ""Working together with Google Cloud, our mission to help our customers realize the promise of the public cloud and enable them to drive innovation and business agility both on premises and off.""  http://ow.ly/icu550xpwd9",0,0,1,0,[],['@AnthonyLye'],[],https://pbs.twimg.com/profile_images/918955158805114880/SsqZvBod_normal.jpg,https://twitter.com/jamellon123/status/1202962172462149634,tweet_id:1202962172462149634
Jon Mellon,@jamellon123,2019-12-05T14:10:07.000Z,False,Some amazing leaders on this list! Top 100 according to  http://ow.ly/UoIS50xpuwF,0,0,0,0,[],['@HarvardBiz'],[],https://pbs.twimg.com/profile_images/918955158805114880/SsqZvBod_normal.jpg,https://twitter.com/jamellon123/status/1202590981650046977,tweet_id:1202590981650046977
Jon Mellon,@jamellon123,2019-12-04T14:25:04.000Z,False,"""The solution’s infrastructure enables us to run mission-critical workloads. I do work for the Department of Homeland Security. We have a lot of critical applications.” Fantastic customer review of #FlexPod! http://ow.ly/gZCT50xpvNc #NetAppMVP",0,0,1,0,"['#FlexPod', '#NetAppMVP']",[],[],https://pbs.twimg.com/profile_images/918955158805114880/SsqZvBod_normal.jpg,https://twitter.com/jamellon123/status/1202232356792348672,tweet_id:1202232356792348672
Jon Mellon,@jamellon123,2019-12-03T14:15:06.000Z,False,Loved reading this review of #NetAppINSIGHT by ! https://blog.netapp.com/insight-2019-review-matthew-underhill… #NetAppMVP,1,0,2,0,"['#NetAppINSIGHT', '#NetAppMVP']",['@underkenya'],[],https://pbs.twimg.com/profile_images/918955158805114880/SsqZvBod_normal.jpg,https://twitter.com/jamellon123/status/1201867460430979073,tweet_id:1201867460430979073
Jon Mellon,@jamellon123,2019-12-02T14:20:05.000Z,False,"Innovation is a topic I'm passionate about. I see many organizations following a similar roadmap for #DigitalTransformation, one that avoids too much risk. I've got some strategies that can help you think outside of the box about innovation. http://ow.ly/OtUG50xnSF4 #NetAppMVP",0,0,4,0,"['#DigitalTransformation', '#NetAppMVP']",[],[],https://pbs.twimg.com/profile_images/918955158805114880/SsqZvBod_normal.jpg,https://twitter.com/jamellon123/status/1201506326360285184,tweet_id:1201506326360285184
Jon Mellon,@jamellon123,2019-11-29T13:25:04.000Z,False,"Some great tips here! Sales is stressful at the best of times, so motivation is key! http://ow.ly/Egtk50xi2uK",0,0,0,0,[],[],[],https://pbs.twimg.com/profile_images/918955158805114880/SsqZvBod_normal.jpg,https://twitter.com/jamellon123/status/1200405316443295745,tweet_id:1200405316443295745
Jon Mellon,@jamellon123,2019-11-28T14:30:43.000Z,False,May you all have a very Happy Thanksgiving! It's time to celebrate all of the blessings we have in our lives. I've so much to be grateful for. #NetAppMVP,0,0,5,0,['#NetAppMVP'],[],[],https://pbs.twimg.com/profile_images/918955158805114880/SsqZvBod_normal.jpg,https://twitter.com/jamellon123/status/1200059451824316417,tweet_id:1200059451824316417
