内容,内容1,内容2,内容3,内容4,内容5,内容6
7 mo. ago,https://www.reddit.com/r/Python/comments/171juq8/hundreds_of_malicious_python_packages_found/,"
    Hundreds of malicious Python packages found stealing sensitive data
  ",malicious,"
      597
      votes
    ",94,comments
1 yr. ago,https://www.reddit.com/r/Python/comments/11xj3ua/how_to_check_if_pip_package_is_malicious/,"
    How to check if pip package is malicious
  ",malicious,"
      7
      votes
    ",5,comments
1 yr. ago,https://www.reddit.com/r/Python/comments/110l7ag/researchers_uncover_obfuscated_malicious_code_in/,"
    Researchers Uncover Obfuscated Malicious Code in PyPI Python Packages
  ",Malicious,"
      714
      votes
    ",99,comments
1 yr. ago,https://www.reddit.com/r/Python/comments/11iymqr/how_do_you_manage_malicious_package_security/,"
    How do you manage malicious package security?
  ",malicious,"
      48
      votes
    ",14,comments
1 yr. ago,https://www.reddit.com/r/Python/comments/11z7e9q/malicious_actors_use_unicode_support_in_python_to/,"
    Malicious Actors Use Unicode Support in Python to Evade Detection
  ",Malicious,"
      350
      votes
    ",69,comments
4 yr. ago,https://www.reddit.com/r/Python/comments/eygxin/how_to_tell_if_a_github_repository_is_malicious/,"
    How to tell if a github repository is malicious?
  ",malicious,"
      2
      votes
    ",4,comments
3 yr. ago,https://www.reddit.com/r/Python/comments/nhm8bc/malicious_webpage_classifier_using_dnn_pytorch/,"
    Malicious Webpage Classifier using DNN [Pytorch]
  ",Malicious,"
      1.3K
      votes
    ",27,comments
7 yr. ago,https://www.reddit.com/r/Python/comments/6n2e9x/can_modules_installed_from_pip_contain_malware_or/,"
    Can modules installed from pip contain malware or malicious code?
  ",malicious,"
      30
      votes
    ",34,comments
1 yr. ago,https://www.reddit.com/r/Python/comments/103u5rr/pytorch_discloses_malicious_dependency_chain/,"
    PyTorch discloses malicious dependency chain compromise over holidays
  ",malicious,"
      277
      votes
    ",33,comments
4 yr. ago,https://www.reddit.com/r/Python/comments/etkrrh/a_small_script_to_identify_malicious_files_via/,"
    A small script to identify malicious files via the VirusTotal API (now with link)
  ",malicious,"
      24
      votes
    ",1,comment
2 yr. ago,https://www.reddit.com/r/Python/comments/r0yohc/11_malicious_pypi_python_libraries_caught/,"
    11 Malicious PyPI Python Libraries Caught Stealing Discord Tokens and Installing Shells
  ",Malicious,"
      574
      votes
    ",70,comments
7 yr. ago,https://www.reddit.com/r/Python/comments/709vch/psa_malicious_software_libraries_in_the_official/,"
    PSA - Malicious software libraries in the official Python package repository (xpost /r/netsec)
  ",Malicious,"
      732
      votes
    ",88,comments
2 yr. ago,https://www.reddit.com/r/Python/comments/reua1p/3_new_malicious_packages_found_on_pypi/,"
    3 New Malicious Packages Found on PyPI
  ",Malicious,"
      378
      votes
    ",41,comments
6 yr. ago,https://www.reddit.com/r/Python/comments/9q38l4/is_there_pypi_antivirusmalicious_packages_db_i/,"
    Is there pypi antivirus/malicious packages DB I can use?
  ",malicious,"
      2
      votes
    ",4,comments
6 yr. ago,https://www.reddit.com/r/Python/comments/9rsr69/twelve_malicious_python_libraries_found_and/,"
    Twelve malicious Python libraries found and removed from PyPI
  ",malicious,"
      618
      votes
    ",83,comments
7 yr. ago,https://www.reddit.com/r/Python/comments/76yfdz/dangerous_pickles_malicious_python_serialization/,"
    Dangerous Pickles — Malicious Python Serialization
  ",Malicious,"
      27
      votes
    ",6,comments
4 yr. ago,https://www.reddit.com/r/Python/comments/e6332a/malicious_library_in_pypi_present_for_almost_a/,"
    Malicious library in PyPi present for almost a year. Recommend all projects using the package index check dependencies
  ",Malicious,"
      535
      votes
    ",84,comments
2 yr. ago,https://www.reddit.com/r/Python/comments/wvuev3/onethird_of_popular_pypi_packages_mistakenly/,"
    One-Third of Popular PyPI Packages Mistakenly Flagged as Malicious
  ",Malicious,"
      6
      votes
    ",3,comments
5 yr. ago,https://www.reddit.com/r/Python/comments/cet764/malicious_python_libraries/,"
    Malicious Python Libraries
  ",Malicious,"
      148
      votes
    ",12,comments
1 yr. ago,https://www.reddit.com/r/Python/comments/10g508b/malicious_pypi_packages_using_cloudflare_tunnel/,"
    Malicious PyPI packages using CloudFlare tunnel. Can use Sonatype as proxy to install
  ",Malicious,"
      10
      votes
    ",2,comments
4 yr. ago,https://www.reddit.com/r/Python/comments/e639nd/two_malicious_python_libraries_caught_stealing/,"
    Two malicious Python libraries caught stealing SSH and GPG keys
  ",malicious,"
      248
      votes
    ",9,comments
2 yr. ago,https://www.reddit.com/r/Python/comments/wpswz3/malicious_pypi_packages_aim_ddos_attacks_at/,"
    Malicious PyPi packages aim DDoS attacks at Counter-Strike servers
  ",Malicious,"
      0
      votes
    ",0,comments
2 yr. ago,https://www.reddit.com/r/Python/comments/wz67zb/two_more_malicious_python_packages_in_the_pypi/,"
    Two More Malicious Python Packages in the PyPI
  ",Malicious,"
      1
      vote
    ",0,comments
1 yr. ago,https://www.reddit.com/r/Python/comments/10mhc1r/analyze_malicious_behaviors_in_pypi_packages/,"
    Analyze malicious behaviors in PyPI packages - Efficient Threat Detection in Cybersecurity with Memgraph based on data from CVE
  ",malicious,"
      4
      votes
    ",0,comments
3 yr. ago,https://www.reddit.com/r/Python/comments/le25kr/checking_the_script_or_code_for_anything_malicious/,"
    Checking the script or code for anything malicious
  ",malicious,"
      0
      votes
    ",12,comments
4 mo. ago,https://www.reddit.com/r/Python/comments/18ib9sw/116_malware_packages_found_on_pypi_repository/,"
    116 Malware Packages Found on PyPI Repository Infecting Windows and Linux Systems
  ",,"
      331
      votes
    ",93,comments
2 yr. ago,https://www.reddit.com/r/Python/comments/y28tco/packj_runner_flags_riskymalicious_npmpypiruby/,"
    Packj runner flags risky/malicious NPM/PyPI/Ruby dependencies in your PRs
  ",malicious,"
      1
      vote
    ",0,comments
8 yr. ago,https://www.reddit.com/r/Python/comments/4jktql/malicious_little_project_python_ddos_tester/,"
    Malicious little project: Python DDOS tester
  ",Malicious,"
      5
      votes
    ",9,comments
2 yr. ago,https://www.reddit.com/r/Python/comments/v48nad/opensource_duediligence_tool_to_detect_malicious/,"
    Open-source due-diligence tool to detect malicious PyPI packages
  ",malicious,"
      2
      votes
    ",0,comments
4 yr. ago,https://www.reddit.com/r/Python/comments/gzo6x7/saycheese_v20_tool_for_getting_pictures_of_target/,"
    Saycheese v2.0 tool for Getting pictures of Target by Sending Malicious Link
  ",Malicious,"
      0
      votes
    ",0,comments
4 yr. ago,https://www.reddit.com/r/Python/comments/fqy791/can_python_packages_be_malicious/,"
    Can Python packages be malicious?
  ",malicious,"
      5
      votes
    ",5,comments
3 yr. ago,https://www.reddit.com/r/Python/comments/l9basm/how_do_we_know_that_imported_third_party_python/,"
    How do we know that imported third party python library isn't spying on our program?
  ",,"
      711
      votes
    ",136,comments
3 yr. ago,https://www.reddit.com/r/Python/comments/jtk1ic/hunting_for_malicious_packages_on_pypi/,"
    Hunting for Malicious Packages on PyPI
  ",Malicious,"
      16
      votes
    ",1,comment
1 yr. ago,https://www.reddit.com/r/Python/comments/112vgw5/python_developers_beware_clipper_malware_found_in/,"
    Python Developers Beware: Clipper Malware Found in 450+ PyPI Packages!
  ",,"
      37
      votes
    ",15,comments
3 yr. ago,https://www.reddit.com/r/Python/comments/ox3g8c/python_developers_are_being_targeted_with/,"
    Python developers are being targeted with malicious packages on PyPI
  ",malicious,"
      11
      votes
    ",1,comment
6 yr. ago,https://www.reddit.com/r/Python/comments/7jm9br/pyinstaller_export_identified_as_virus/,"
    Pyinstaller export identified as virus
  ",,"
      1
      vote
    ",7,comments
2 yr. ago,https://www.reddit.com/r/Python/comments/wlguh4/10_packages_have_been_removed_from_the_python/,"
    10 packages have been removed from the Python Package Index. Experts found 10 malicious packages on Python Package Index used to steal developer's data.
  ",malicious,"
      46
      votes
    ",3,comments
10 yr. ago,https://www.reddit.com/r/Python/comments/2kq4a0/pypi_packages_safe/,"
    PyPi Packages safe?
  ",,"
      14
      votes
    ",15,comments
8 yr. ago,https://www.reddit.com/r/Python/comments/3x2oew/malicious_traffic_detection_system/,"
    Malicious traffic detection system
  ",Malicious,"
      34
      votes
    ",0,comments
4 yr. ago,https://www.reddit.com/r/Python/comments/erkt04/i_created_a_python_script_to_monitor_pastebin_for/,"
    I created a python script to monitor pastebin for malware with customizable pattern matching
  ",,"
      13
      votes
    ",4,comments
4 yr. ago,https://www.reddit.com/r/Python/comments/e623zi/two_malicious_python_libraries_caught_stealing/,"
    Two malicious Python libraries caught stealing SSH and GPG keys
  ",malicious,"
      2
      votes
    ",0,comments
2 yr. ago,https://www.reddit.com/r/Python/comments/vjlfom/multiple_backdoored_python_libraries_caught/,"
    Multiple Backdoored Python Libraries Caught Stealing AWS Secrets and Keys
  ",,"
      717
      votes
    ",101,comments
4 yr. ago,https://www.reddit.com/r/Python/comments/e6et8y/malicious_packages_found_to_be_typosquatting_in/,"
    Malicious packages found to be typo-squatting in Python Package Index
  ",Malicious,"
      9
      votes
    ",0,comments
2 yr. ago,https://www.reddit.com/r/Python/comments/xdkikk/used_py_to_exe_and_it_showed_keylogger_as_one_of/,"
    Used ""Py To EXE"" and It Showed KeyLogger as One of Viruses
  ",,"
      14
      votes
    ",26,comments
7 yr. ago,https://www.reddit.com/r/Python/comments/70jdxi/devs_unknowingly_use_malicious_modules_snuck_into/,"
    Devs unknowingly use “malicious” modules snuck into official Python repository
  ",malicious,"
      6
      votes
    ",5,comments
7 yr. ago,https://www.reddit.com/r/Python/comments/5sm6zm/using_virtualenv_is_more_secure/,"
    Using virtualenv is more secure?
  ",,"
      3
      votes
    ",15,comments
7 yr. ago,https://www.reddit.com/r/Python/comments/70el18/pypi_malicious_package_download_counts_oc/,"
    PyPI malicious package download counts [OC]
  ",malicious,"
      5
      votes
    ",0,comments
9 mo. ago,https://www.reddit.com/r/Python/comments/15b6j1n/my_firm_is_afraid_of_anacondajupyter_notebook/,"
    My firm is afraid of Anaconda/Jupyter Notebook
  ",,"
      14
      votes
    ",41,comments
10 yr. ago,https://www.reddit.com/r/Python/comments/2frbue/a_tool_to_crowdsource_the_banning_of_malicious/,"
    A tool to crowd-source the banning of malicious IPs from Linux servers.
  ",malicious,"
      1
      vote
    ",11,comments
2 yr. ago,https://www.reddit.com/r/Python/comments/uwhzkj/i_think_the_ctx_package_on_pypi_has_been_hacked/,"
    I think the CTX package on PyPI has been hacked!
  ",,"
      1.8K
      votes
    ",280,comments
1 mo. ago,https://www.reddit.com/r/Python/comments/1bf6q6e/schnoz_advanced_packet_snifferanalyzer_and_ids/,"
    SCHNOZ: Advanced packet sniffer/analyzer and IDS written in Python
  ",,"
      28
      votes
    ",13,comments
7 yr. ago,https://www.reddit.com/r/Python/comments/6b3zzy/sanitizing_code_for_an_exec_command/,"
    sanitizing code for an exec command
  ",,"
      77
      votes
    ",36,comments
5 yr. ago,https://www.reddit.com/r/Python/comments/cl828h/looking_for_explanation_when_opening_a_malicious/,"
    Looking for explanation: When opening a malicious file to read bytes & hash will it allow the file to execute? If so/not why?
  ",malicious,"
      0
      votes
    ",2,comments
8 yr. ago,https://www.reddit.com/r/Python/comments/4t6tah/what_is_pickling/,"
    What is pickling?
  ",,"
      1
      vote
    ",9,comments
1 day ago,https://www.reddit.com/r/Python/comments/1c6y1av/seeking_advice_automating_tasks_with_python_under/,"
    Seeking Advice: Automating Tasks with Python Under Strict IT Restrictions
  ",,"
      50
      votes
    ",55,comments
5 yr. ago,https://www.reddit.com/r/Python/comments/dej1po/anaconda_website_compromised/,"
    Anaconda website compromised?
  ",,"
      60
      votes
    ",24,comments
1 yr. ago,https://www.reddit.com/r/Python/comments/12jbj6v/psf_expresses_concerns_about_a_proposed_eu_law/,"
    PSF expresses concerns about a proposed EU law that may make it impossible to continue providing Python and PyPI to the European public
  ",,"
      319
      votes
    ",75,comments
6 yr. ago,https://www.reddit.com/r/Python/comments/9vqqgr/anyone_know_how_to_whitelist_imports_using/,"
    Anyone know how to whitelist imports using RestrictedPython?
  ",,"
      23
      votes
    ",6,comments
6 yr. ago,https://www.reddit.com/r/Python/comments/7m5jl9/new_to_python_and_i_wrote_a_crypto_trade_bot_with/,"
    New to python, and I wrote a crypto trade bot with a novel strategy, and takes a small fee when trades are profitable. Wondering if it’s possible show it’s not malicious while still keeping the source hidden.
  ",malicious,"
      0
      votes
    ",12,comments
5 yr. ago,https://www.reddit.com/r/Python/comments/c5zhqk/is_pyyaml_safe_to_install_for_instabotpy_lol/,"
    Is pyyaml safe to install? (For instabot.py) lol
  ",,"
      1
      vote
    ",14,comments
2 yr. ago,https://www.reddit.com/r/Python/comments/v6wn9m/a_first_look_at_pyscript_python_in_the_web/,"
    A First Look at PyScript: Python in the Web Browser – Real Python
  ",,"
      421
      votes
    ",65,comments
4 yr. ago,https://www.reddit.com/r/Python/comments/ifkt6k/never_run_python_in_your_downloads_folder/,"
    Never Run ‘python’ In Your Downloads Folder
  ",,"
      406
      votes
    ",58,comments
4 yr. ago,https://www.reddit.com/r/Python/comments/j6uhsw/wrote_an_antivirus_in_python/,"
    Wrote an AntiVirus in python
  ",,"
      90
      votes
    ",14,comments
1 yr. ago,https://www.reddit.com/r/Python/comments/10tezc6/fake_python_website_be_carefull/,"
    Fake python website Be carefull!!!
  ",,"
      300
      votes
    ",30,comments
1 yr. ago,https://www.reddit.com/r/Python/comments/1201eri/customs_inspector_easy_manual_auditing_of_python/,"
    Customs Inspector - Easy manual auditing of Python Poetry package updates
  ",,"
      36
      votes
    ",2,comments
2 yr. ago,https://www.reddit.com/r/Python/comments/xdtx9r/what_are_different_ways_to_make_a_python_exe/,"
    What are different ways to make a Python exe besides py-to-exe?
  ",,"
      4
      votes
    ",6,comments
4 yr. ago,https://www.reddit.com/r/Python/comments/if4048/how_can_we_determine_modules_are_safe_or_not/,"
    How can we determine modules are safe or not?
  ",,"
      1
      vote
    ",7,comments
1 yr. ago,https://www.reddit.com/r/Python/comments/11qq8ex/python_security_very_simply_open_source_scanner/,"
    python security - very simply open source scanner which detect file signed untrusted or leaked certificates
  ",,"
      23
      votes
    ",0,comments
9 mo. ago,https://www.reddit.com/r/Python/comments/15c4psx/why_is_there_no_single_simple_solution_to_create/,"
    Why is there no single, simple solution to create a Python package?
  ",,"
      42
      votes
    ",37,comments
7 yr. ago,https://www.reddit.com/r/Python/comments/7c4jbv/i_want_to_be_able_to_crack_anything_with_python/,"
    I want to be able to crack anything with python?
  ",,"
      0
      votes
    ",11,comments
2 yr. ago,https://www.reddit.com/r/Python/comments/x38rog/packj_sandbox_for_safe_installation_of_pypi/,"
    Packj sandbox for “safe installation” of PyPI packages
  ",,"
      6
      votes
    ",8,comments
4 yr. ago,https://www.reddit.com/r/Python/comments/izq3px/pypiorg_rate_limiting/,"
    pypi.org rate limiting?
  ",,"
      2
      votes
    ",2,comments
6 yr. ago,https://www.reddit.com/r/Python/comments/876msl/sanic_python_web_server_thats_written_to_die_fast/,"
    Sanic: python web server that's written to die fast
  ",,"
      227
      votes
    ",40,comments
7 yr. ago,https://www.reddit.com/r/Python/comments/6djytf/i_created_a_spam_bot_as_my_first_python_project/,"
    I created a Spam Bot as my first Python project! Give me your feedback!
  ",,"
      2
      votes
    ",19,comments
1 yr. ago,https://www.reddit.com/r/Python/comments/10sm06c/how_rat_mutants_in_python_steal_data_and_evade/,"
    How RAT Mutants, in Python, Steal Data and Evade Detection
  ",,"
      2
      votes
    ",0,comments
1 yr. ago,https://www.reddit.com/r/Python/comments/13qsfvd/pypi_was_subpoenaed/,"
    PyPI was subpoenaed
  ",,"
      463
      votes
    ",21,comments
5 yr. ago,https://www.reddit.com/r/Python/comments/d53ejn/defending_the_use_of_python_in_an_enterprise/,"
    Defending the use of python in an enterprise environment
  ",,"
      9
      votes
    ",27,comments
5 yr. ago,https://www.reddit.com/r/Python/comments/bd8lb0/why_is_pickling_such_a_huge_security_problem_why/,"
    Why is pickling such a huge security problem? why is it so frowned upon?
  ",,"
      29
      votes
    ",32,comments
4 yr. ago,https://www.reddit.com/r/Python/comments/hsmm28/is_it_safe_to_install_libraries_and_packages/,"
    Is it safe to install libraries and packages?
  ",,"
      2
      votes
    ",7,comments
2 yr. ago,https://www.reddit.com/r/Python/comments/s9l5oy/arbitrary_code_execution_vulnerability_discovered/,"
    Arbitrary Code Execution vulnerability discovered in Ipython
  ",,"
      275
      votes
    ",24,comments
1 yr. ago,https://www.reddit.com/r/Python/comments/10g8xcl/poisoned_lolip0p_pypi_packages/,"
    Poisoned Lolip0p PyPI Packages
  ",,"
      26
      votes
    ",24,comments
3 yr. ago,https://www.reddit.com/r/Python/comments/kbwn0o/pybluemonday_fast_html_sanitization/,"
    pybluemonday: Fast HTML Sanitization
  ",,"
      5
      votes
    ",1,comment
8 yr. ago,https://www.reddit.com/r/Python/comments/4p3g6o/is_eval_without_parenthesis_dangerous/,"
    Is eval without parenthesis dangerous?
  ",,"
      4
      votes
    ",4,comments
2 yr. ago,https://www.reddit.com/r/Python/comments/y0kmn6/my_project_tomlscript_is_a_small_showcase_for/,"
    My project TOMLscript is a small showcase for using a toml config file to execute programs
  ",,"
      1
      vote
    ",3,comments
10 yr. ago,https://www.reddit.com/r/Python/comments/22iblb/does_the_heartbleed_vulnerability_affect_python/,"
    Does the heartbleed vulnerability affect Python web crawlers?
  ",,"
      7
      votes
    ",12,comments
6 yr. ago,https://www.reddit.com/r/Python/comments/8jkgma/kalliope_jarvis_like_assistant_v051_released/,"
    Kalliope, JARVIS like assistant v0.5.1 released
  ",,"
      179
      votes
    ",38,comments
5 yr. ago,https://www.reddit.com/r/Python/comments/dsbio4/i_want_to_use_as_script_that_sorts_through/,"
    I want to use as script that sorts through Instagram JSON files. I found one but since I am not very experienced I want to ask you guys if it is safe to use?
  ",,"
      0
      votes
    ",7,comments
10 yr. ago,https://www.reddit.com/r/Python/comments/1x6lnh/if_you_open_pdfs_with_the_pdfminer_module_does_it/,"
    If you open PDFs with the pdfminer module, does it ignore the executable code that people are ranting about with viruses?
  ",,"
      47
      votes
    ",30,comments
1 yr. ago,https://www.reddit.com/r/Python/comments/104bv0s/how_to_use_poetry_to_reduce_your_susceptibility/,"
    How to use Poetry to reduce your susceptibility to compromised dependencies
  ",,"
      2
      votes
    ",2,comments
2 yr. ago,https://www.reddit.com/r/Python/comments/vwpyk3/faster_more_memoryefficient_python_json_parsing/,"
    Faster, more memory-efficient Python JSON parsing with msgspec
  ",,"
      18
      votes
    ",6,comments
5 yr. ago,https://www.reddit.com/r/Python/comments/d370b3/security_open_file/,"
    Security open file
  ",,"
      0
      votes
    ",3,comments
2 yr. ago,https://www.reddit.com/r/Python/comments/u5m3x5/python_script_exe_detected_as_virus_in_vt/,"
    Python Script EXE detected as virus in VT
  ",,"
      22
      votes
    ",30,comments
6 yr. ago,https://www.reddit.com/r/Python/comments/9u5lrm/could_you_make_a_audio_based_key_guesser/,"
    Could You Make A Audio Based Key Guesser?
  ",,"
      6
      votes
    ",12,comments
1 yr. ago,https://www.reddit.com/r/Python/comments/zh4xjh/ransomware_being_published_to_pypi_in_ongoing/,"
    Ransomware being published to PyPI in ongoing campaign
  ",,"
      106
      votes
    ",41,comments
4 yr. ago,https://www.reddit.com/r/Python/comments/jnu3gz/aura_code_auditing_and_static_code_analysis_on/,"
    Aura - code auditing and static code analysis on large scale (whole PyPI!)
  ",,"
      6
      votes
    ",0,comments
1 yr. ago,https://www.reddit.com/r/Python/comments/132mkq9/cryptical_a_gui_password_manager_written_in_python/,"
    Cryptical: A GUI Password Manager, written in Python
  ",,"
      21
      votes
    ",22,comments
5 yr. ago,https://www.reddit.com/r/Python/comments/cngwh1/error_when_installing_chrome_driver/,"
    Error when installing chrome driver
  ",,"
      0
      votes
    ",1,comment
4 yr. ago,https://www.reddit.com/r/Python/comments/ha3h9t/should_you_sign_pickled_data_when_using_the/,"
    Should you sign pickled data when using the multiprocessing module?
  ",,"
      1
      vote
    ",1,comment
2 yr. ago,https://www.reddit.com/r/Python/comments/w17oyh/run_python_from_excel_without_having_to_have/,"
    Run python from Excel, without having to have python installed
  ",,"
      253
      votes
    ",118,comments
5 yr. ago,https://www.reddit.com/r/Python/comments/bay583/im_looking_to_learn_python_and_had_a_few/,"
    I'm looking to learn python and had a few questions about security...
  ",,"
      1
      vote
    ",3,comments
4 yr. ago,https://www.reddit.com/r/Python/comments/gfkuez/my_first_python_program_changes_my_desktop/,"
    My first Python program! Changes my desktop background based on the weather, time, and day.
  ",,"
      1.9K
      votes
    ",122,comments
2 yr. ago,https://www.reddit.com/r/Python/comments/xp454u/eiseg_an_efficient_interactive_segmentation_tool/,"
    EISeg -- An Efficient Interactive Segmentation Tool based on PaddlePaddle.
  ",,"
      2
      votes
    ",8,comments
9 yr. ago,https://www.reddit.com/r/Python/comments/2wr93b/this_one_looks_odd_doesnt_it/,"
    This one looks odd, doesn't it?
  ",,"
      114
      votes
    ",35,comments
4 yr. ago,https://www.reddit.com/r/Python/comments/g7rxi9/how_to_convince_it_department_that_python_is/,"
    How to convince IT Department that Python is relatively safe to use on work computer?
  ",,"
      6
      votes
    ",10,comments
5 mo. ago,https://www.reddit.com/r/Python/comments/17x4dvu/how_to_break_pythons_json/,"
    How to Break Python's JSON
  ",,"
      79
      votes
    ",34,comments
7 yr. ago,https://www.reddit.com/r/Python/comments/71h8of/where_can_i_found_all_python_dangerous_modules/,"
    Where can i found all python dangerous modules?
  ",,"
      0
      votes
    ",4,comments
8 yr. ago,https://www.reddit.com/r/Python/comments/4766ck/is_anaconda_secure/,"
    is Anaconda secure?
  ",,"
      1
      vote
    ",5,comments
5 yr. ago,https://www.reddit.com/r/Python/comments/az8m1m/i_wrote_a_proof_of_concept_pastejacker_which/,"
    I wrote a proof of concept pastejacker which replaces semicolon with Greek Question Mark as soon as any text is copied to clipboard. GitHub - aydwi/chaos
  ",,"
      71
      votes
    ",21,comments
4 yr. ago,https://www.reddit.com/r/Python/comments/gg76cp/i_made_a_discord_bot_that_can_execute_python_code/,"
    I made a discord bot that can execute python code and send the results to a discord chat
  ",,"
      2
      votes
    ",9,comments
4 yr. ago,https://www.reddit.com/r/Python/comments/g4fr11/plusminus_020_adds_support_for_ranges_and_set/,"
    Plusminus 0.2.0 adds support for ranges, and set arithmetic
  ",,"
      3
      votes
    ",0,comments
3 yr. ago,https://www.reddit.com/r/Python/comments/ovm28m/software_downloaded_30000_times_from_pypi/,"
    Software downloaded 30,000 times from PyPI ransacked developers’ machines
  ",,"
      84
      votes
    ",27,comments
8 yr. ago,https://www.reddit.com/r/Python/comments/4xc5ok/pickle_shouldnt_be_used_for_large_sets_of_numeric/,"
    Pickle shouldn't be used for large sets of numeric data.
  ",,"
      17
      votes
    ",49,comments
9 yr. ago,https://www.reddit.com/r/Python/comments/2uv79v/python_at_work/,"
    Python at work
  ",,"
      19
      votes
    ",48,comments
4 yr. ago,https://www.reddit.com/r/Python/comments/gb9vo7/safely_convert_questionable_url_to_pdf/,"
    Safely Convert questionable URL to PDF?
  ",,"
      0
      votes
    ",2,comments
5 yr. ago,https://www.reddit.com/r/Python/comments/du1tu3/robocall_on_the_fly_with_python_and_twilio/,"
    robocall on the fly with Python and Twilio
  ",,"
      24
      votes
    ",3,comments
6 yr. ago,https://www.reddit.com/r/Python/comments/8ati69/best_practices_for_unit_testing_against_large/,"
    Best practices for unit testing against large arrays
  ",,"
      1
      vote
    ",7,comments
1 yr. ago,https://www.reddit.com/r/Python/comments/ykdosd/phylum_discovers_dozens_more_pypi_packages/,"
    Phylum Discovers Dozens More PyPI Packages Attempting to Deliver W4SP Stealer in Ongoing Supply-Chain Attack
  ",,"
      417
      votes
    ",25,comments
6 yr. ago,https://www.reddit.com/r/Python/comments/8x48bb/executables_and_mcafee/,"
    Executables and McAfee
  ",,"
      1
      vote
    ",19,comments
1 yr. ago,https://www.reddit.com/r/Python/comments/11eq5pi/psa_bootleg_pythonorg_spotted_in_the_wild/,"
    PSA: Bootleg `python.org` spotted in the wild
  ",,"
      323
      votes
    ",28,comments
5 yr. ago,https://www.reddit.com/r/Python/comments/c08vnb/how_do_you_install_python3_from_windows_store_via/,"
    How do you install Python3 from Windows Store via the Command Line?
  ",,"
      0
      votes
    ",3,comments
6 yr. ago,https://www.reddit.com/r/Python/comments/8hvzja/backdoor_in_sshdecorator_package/,"
    Backdoor in ssh-decorator package
  ",,"
      1.7K
      votes
    ",180,comments
3 yr. ago,https://www.reddit.com/r/Python/comments/lb4d5a/is_aiohttp_safe_to_use_for_a_public_webhook/,"
    Is aiohttp safe to use for a public webhook listener?
  ",,"
      4
      votes
    ",3,comments
1 yr. ago,https://www.reddit.com/r/Python/comments/13oof3r/the_recent_security_threats_on_python_package/,"
    The Recent Security Threats on Python Package Index (PyPI) and Its Implications
  ",,"
      8
      votes
    ",0,comments
2 yr. ago,https://www.reddit.com/r/Python/comments/v2psjn/top_5_web_frameworks_in_python/,"
    Top 5 web frameworks in python
  ",,"
      0
      votes
    ",9,comments
9 mo. ago,https://www.reddit.com/r/Python/comments/15fxf45/pyinstaller_lets_me_make_pdfs_now/,"
    PyInstaller Lets Me Make PDFs Now
  ",,"
      4
      votes
    ",3,comments
13 yr. ago,https://www.reddit.com/r/Python/comments/iimpy/nooby_question_about_extending_classes_and_app/,"
    Nooby question about extending classes and app design
  ",,"
      2
      votes
    ",4,comments
11 yr. ago,https://www.reddit.com/r/Python/comments/17c6to/exploiting_secure_cookies_in_popular_python_web/,"
    Exploiting ""secure"" Cookies in popular Python Web Frameworks
  ",,"
      95
      votes
    ",45,comments
6 yr. ago,https://www.reddit.com/r/Python/comments/9d9k2t/community_supreme_bot_csb_official_release_v3/,"
    Community Supreme Bot (CSB) Official Release (V3) (Free Open Source Tool for Copping Supreme)
  ",,"
      9
      votes
    ",8,comments
1 yr. ago,https://www.reddit.com/r/Python/comments/z1gf6k/i_made_a_cursed_library_that_lets_you_write/,"
    I made a cursed library that lets you write bytecode with cat kaomojis (^・ω・^ )
  ",,"
      66
      votes
    ",8,comments
11 yr. ago,https://www.reddit.com/r/Python/comments/1m09ca/i_was_playing_around_with_trees_when_this_happened/,"
    I was playing around with trees when this happened.
  ",,"
      16
      votes
    ",10,comments
8 yr. ago,https://www.reddit.com/r/Python/comments/4224is/python_package_security_scanning/,"
    Python Package Security Scanning
  ",,"
      37
      votes
    ",6,comments
9 yr. ago,https://www.reddit.com/r/Python/comments/2s89mc/getting_an_error_in_a_loop_the_second_time_a/,"
    Getting an error in a loop the second time a function runs.
  ",,"
      0
      votes
    ",8,comments
5 yr. ago,https://www.reddit.com/r/Python/comments/d287xq/is_there_a_way_to_build_a_windowsantivirus/,"
    Is there a way to build a Windows/Antivirus friendly EXE from pyinstaller?
  ",,"
      0
      votes
    ",1,comment
3 yr. ago,https://www.reddit.com/r/Python/comments/ppzkg4/i_think_i_have_installed_a_dodgy_pip_package/,"
    I think I have installed a dodgy pip package
  ",,"
      569
      votes
    ",106,comments
9 yr. ago,https://www.reddit.com/r/Python/comments/3dunnj/how_is_it_possible_to_make_effective_viruses_in/,"
    How is it possible to make effective viruses in Python if running them requires a shell, which most computers don't have?
  ",,"
      0
      votes
    ",12,comments
3 yr. ago,https://www.reddit.com/r/Python/comments/kewuo9/practice_web_scraping_with_beautiful_soup_and/,"
    Practice Web Scraping With Beautiful Soup and Python by Scraping Udmey Course Information.
  ",,"
      528
      votes
    ",30,comments
3 mo. ago,https://www.reddit.com/r/Python/comments/196m3zx/i_made_a_python_library_for_finding_business/,"
    I made a Python Library for finding business e-mails and e-mail validation [MailScout]
  ",,"
      26
      votes
    ",22,comments
2 yr. ago,https://www.reddit.com/r/Python/comments/tiq3ts/looking_for_an_official_documentation_regarding/,"
    Looking for an official documentation regarding security best practices and how to write secure code
  ",,"
      273
      votes
    ",31,comments
4 yr. ago,https://www.reddit.com/r/Python/comments/fbavjd/change_text_in_place_with_custom_hotkeys_python/,"
    Change text in place with custom hotkeys (Python Keyboard Listener)
  ",,"
      2.9K
      votes
    ",117,comments
5 yr. ago,https://www.reddit.com/r/Python/comments/axljrp/whats_everyone_working_on_this_week/,"
    What's everyone working on this week?
  ",,"
      29
      votes
    ",117,comments
2 yr. ago,https://www.reddit.com/r/Python/comments/teg3kw/python_removes_dead_batteries_from_standard/,"
    Python removes ‘dead batteries’ from standard library [PEP 594]
  ",,"
      367
      votes
    ",60,comments
2 yr. ago,https://www.reddit.com/r/Python/comments/wka66d/10_informationstealing_packages_found_in_the/,"
    10 information-stealing packages found in the Python programming language repository, PyPI
  ",,"
      52
      votes
    ",13,comments
2 yr. ago,https://www.reddit.com/r/Python/comments/sp2som/wrote_a_simple_python_script_for_some_random_guy/,"
    Wrote a simple python script for some random guy, he thought it was a virus
  ",,"
      0
      votes
    ",16,comments
9 yr. ago,https://www.reddit.com/r/Python/comments/311ljg/yoloimport_never_see_another_importerror/,"
    yoloimport: Never see another ImportError
  ",,"
      163
      votes
    ",46,comments
3 yr. ago,https://www.reddit.com/r/Python/comments/ox23cb/potential_remote_code_execution_in_pypi/,"
    Potential remote code execution in PyPI
  ",,"
      29
      votes
    ",6,comments
2 yr. ago,https://www.reddit.com/r/Python/comments/u9dobe/copilot_getting_creepy/,"
    copilot getting creepy
  ",,"
      468
      votes
    ",80,comments
9 yr. ago,https://www.reddit.com/r/Python/comments/32he8k/i_was_at_pycon_too_my_talk_was_about_hash/,"
    I was at PyCon, too! My talk was about hash functions, bloom filters, and security!
  ",,"
      182
      votes
    ",25,comments
1 yr. ago,https://www.reddit.com/r/Python/comments/11zi407/monty_hall_problem_simulation_and_new_perspective/,"
    Monty Hall Problem, Simulation and New Perspective
  ",,"
      0
      votes
    ",12,comments
6 yr. ago,https://www.reddit.com/r/Python/comments/9sxgwr/malaware_in_now_removed_pypi_package_targets/,"
    Malaware in (now removed) PyPi package targets Windows users
  ",,"
      188
      votes
    ",27,comments
5 mo. ago,https://www.reddit.com/r/Python/comments/184oglu/what_to_do_when_a_foss_librarys_namespace_is_too/,"
    What to do when a FOSS library's namespace is too generic? Is it worth signalling?
  ",,"
      86
      votes
    ",30,comments
14 yr. ago,https://www.reddit.com/r/Python/comments/b2hn4/introducing_django_ray/,"
    Introducing Django Ray
  ",,"
      45
      votes
    ",31,comments
3 yr. ago,https://www.reddit.com/r/Python/comments/q6stpy/it_denied_my_request_for_python_at_work/,"
    IT denied my request for python at work
  ",,"
      803
      votes
    ",792,comments
7 yr. ago,https://www.reddit.com/r/Python/comments/5jcc1d/python_3_excel_with_a_basic_web_skeleton/,"
    Python 3 Excel with a basic web skeleton
  ",,"
      0
      votes
    ",10,comments
5 yr. ago,https://www.reddit.com/r/Python/comments/dly923/alternative_to_pickle/,"
    Alternative to pickle
  ",,"
      4
      votes
    ",10,comments
8 yr. ago,https://www.reddit.com/r/Python/comments/4aczud/keep_your_database_permissions_small/,"
    Keep Your Database Permissions Small
  ",,"
      8
      votes
    ",9,comments
16 days ago,https://www.reddit.com/r/Python/comments/1bv2wt7/xz_vulnerability_anaconda/,"
    XZ Vulnerability Anaconda
  ",,"
      12
      votes
    ",8,comments
13 yr. ago,https://www.reddit.com/r/Python/comments/ncki1/secure_python_programming_hints_anyone/,"
    Secure Python programming hints anyone?
  ",,"
      5
      votes
    ",21,comments
1 yr. ago,https://www.reddit.com/r/Python/comments/10cm2yo/supply_chain_attack_using_identical_pypi_packages/,"
    Supply Chain Attack Using Identical PyPI Packages, “colorslib”, “httpslib”, and “libhttps” | FortiGuard Labs
  ",,"
      27
      votes
    ",9,comments
2 yr. ago,https://www.reddit.com/r/Python/comments/r7mtzy/how_to_create_an_twitterbot_with_simpletwitter/,"
    How to Create An Twitterbot with simpletwitter
  ",,"
      31
      votes
    ",6,comments
2 yr. ago,https://www.reddit.com/r/Python/comments/vzos13/i_feel_more_like_drfrankenstein_than_a_programmer/,"
    I feel more like Dr.Frankenstein than a programmer is it normal?
  ",,"
      21
      votes
    ",15,comments
8 yr. ago,https://www.reddit.com/r/Python/comments/4kl8su/how_would_you_check_if_an_account_has_already/,"
    How would you check if an account has already been created across multiple websites, using an email address?
  ",,"
      1
      vote
    ",4,comments
11 yr. ago,https://www.reddit.com/r/Python/comments/1n3zxd/breaking_out_of_secured_python_environments/,"
    Breaking out of secured Python environments
  ",,"
      135
      votes
    ",22,comments
6 yr. ago,https://www.reddit.com/r/Python/comments/9o3dts/windows_defender_antivirus_finds_trojan_in_python/,"
    Windows Defender Antivirus finds 'Trojan' in Python 2.7 files.
  ",,"
      22
      votes
    ",10,comments
2 yr. ago,https://www.reddit.com/r/Python/comments/rb0hup/running_python_from_google_sheets/,"
    Running Python from Google Sheets
  ",,"
      4
      votes
    ",6,comments
6 yr. ago,https://www.reddit.com/r/Python/comments/7wwnvx/antivirus_packages_or_command_line_tools_for/,"
    Antivirus packages or command line tools for python?
  ",,"
      7
      votes
    ",6,comments
3 yr. ago,https://www.reddit.com/r/Python/comments/lnosgy/security_software_can_harm_anaconda/,"
    Security software can harm Anaconda
  ",,"
      1
      vote
    ",3,comments
6 mo. ago,https://www.reddit.com/r/Python/comments/178ests/pyscan_a_commandline_tool_to_detect_security/,"
    Pyscan: A command-line tool to detect security issues in your python dependencies.
  ",,"
      50
      votes
    ",15,comments
4 yr. ago,https://www.reddit.com/r/Python/comments/ix2mb3/python_script_flagged_as_malware_after_converting/,"
    Python script flagged as malware after converting with pyinstaller
  ",,"
      1
      vote
    ",3,comments
1 yr. ago,https://www.reddit.com/r/Python/comments/100afke/compromised_pytorchnightly_dependency_chain/,"
    Compromised PyTorch-nightly dependency chain between December 25th and December 30th, 2022
  ",,"
      154
      votes
    ",17,comments
2 yr. ago,https://www.reddit.com/r/Python/comments/rihbjz/py4jshell/,"
    py4jshell
  ",,"
      354
      votes
    ",29,comments
3 yr. ago,https://www.reddit.com/r/Python/comments/owk8lj/python_devs_admit_to_blindly_downloading_packages/,"
    Python Devs admit to blindly downloading packages from the Internet
  ",,"
      75
      votes
    ",64,comments
5 yr. ago,https://www.reddit.com/r/Python/comments/amk27w/pyinstaller_and_eval_function/,"
    Pyinstaller and eval function
  ",,"
      0
      votes
    ",7,comments
7 yr. ago,https://www.reddit.com/r/Python/comments/5yqgc3/i_accidentally_deleted_some_python_source_code/,"
    I accidentally deleted some Python source code but it was still resident in a running process - here's how I got it back
  ",,"
      967
      votes
    ",95,comments
5 mo. ago,https://www.reddit.com/r/Python/comments/183qrjm/secure_command_line_chat_with_python/,"
    Secure Command Line Chat with Python
  ",,"
      59
      votes
    ",24,comments
3 mo. ago,https://www.reddit.com/r/Python/comments/198v2sa/secpass_a_simple_password_manager_written_in/,"
    Secpass - A simple password manager written in Python 3
  ",,"
      0
      votes
    ",30,comments
5 mo. ago,https://www.reddit.com/r/Python/comments/17tg1lk/third_party_private_package_hosting/,"
    Third party private package hosting?
  ",,"
      9
      votes
    ",23,comments
10 yr. ago,https://www.reddit.com/r/Python/comments/2n71gi/a_simple_way_to_make_clientserver_applications/,"
    A simple way to make client/server applications
  ",,"
      121
      votes
    ",29,comments
2 yr. ago,https://www.reddit.com/r/Python/comments/wbv62o/protestware_vs_corporate_greed/,"
    Protestware vs. Corporate Greed
  ",,"
      38
      votes
    ",30,comments
5 yr. ago,https://www.reddit.com/r/Python/comments/bx9rrz/win10_is_going_to_start_including_python_37/,"
    Win10 is going to start including Python 3.7
  ",,"
      1.5K
      votes
    ",175,comments
2 yr. ago,https://www.reddit.com/r/Python/comments/vn1y7h/detecting_cyberattacks_with_pyshark_and_bytewax/,"
    Detecting Cyberattacks with Pyshark and Bytewax
  ",,"
      23
      votes
    ",4,comments
1 day ago,https://www.reddit.com/r/Python/comments/1c70x8m/open_sourcing_a_python_project_the_right_way_in/,"
    Open Sourcing a Python Project the Right Way in 2024
  ",,"
      83
      votes
    ",8,comments
1 yr. ago,https://www.reddit.com/r/Python/comments/11ezfwd/web_scraping_linkedin_jobs_using_python_without/,"
    Web Scraping LinkedIn Jobs using Python (without Selenium😉)
  ",,"
      214
      votes
    ",45,comments
8 yr. ago,https://www.reddit.com/r/Python/comments/4n4wsp/typosquatting_pypi_and_taking_over_thousands_of/,"
    Typosquatting PyPi and taking over thousands of hosts
  ",,"
      34
      votes
    ",15,comments
3 yr. ago,https://www.reddit.com/r/Python/comments/q0kami/anyone_using_pycharm/,"
    Anyone using Pycharm?
  ",,"
      159
      votes
    ",110,comments
7 yr. ago,https://www.reddit.com/r/Python/comments/69elqd/getting_started_with_lorawan_low_power_wide_area/,"
    Getting started with LoRaWAN (Low Power Wide Area Network) using Python
  ",,"
      98
      votes
    ",10,comments
3 yr. ago,https://www.reddit.com/r/Python/comments/jp8yze/our_bot_scraps_udemy_coupons_and_then/,"
    Our bot scraps Udemy Coupons and then automatically enrolls you to those paid courses for FREE.
  ",,"
      834
      votes
    ",43,comments
9 yr. ago,https://www.reddit.com/r/Python/comments/3pcqt6/this_subreddit_is_legit_this_textbook_for_an/,"
    This subreddit is legit, This textbook for an introductory CS course uses the url in examples.
  ",,"
      451
      votes
    ",77,comments
1 yr. ago,https://www.reddit.com/r/Python/comments/10l5mmk/pep_704_require_virtual_environments_by_default/,"
    PEP 704 – Require virtual environments by default for package installers
  ",,"
      242
      votes
    ",85,comments
2 mo. ago,https://www.reddit.com/r/Python/comments/1au77i3/file_unittest_a_python_package_to_run_unit_tests/,"
    file_unittest: a Python package to run unit tests based on text file results
  ",,"
      17
      votes
    ",8,comments
5 mo. ago,https://www.reddit.com/r/Python/comments/17vqhtg/obfuscating_python/,"
    Obfuscating Python
  ",,"
      26
      votes
    ",15,comments
9 yr. ago,https://www.reddit.com/r/Python/comments/3kjayo/response_to_my_script_for_a_small_python/,"
    Response to my script for a small python calculator coding challenge.
  ",,"
      386
      votes
    ",55,comments
1 mo. ago,https://www.reddit.com/r/Python/comments/1bffm23/pyyaml_documentation_and_source_code_offline/,"
    PyYAML documentation and source code offline?
  ",,"
      11
      votes
    ",11,comments
1 yr. ago,https://www.reddit.com/r/Python/comments/11olib6/easy_python_scripts_to_impress_the_business/,"
    Easy Python scripts to impress the business
  ",,"
      156
      votes
    ",98,comments
2 yr. ago,https://www.reddit.com/r/Python/comments/xh6ehc/reminder_that_pip_will_run_arbitrary_code/,"
    Reminder that pip will run arbitrary code
  ",,"
      55
      votes
    ",15,comments
17 days ago,https://www.reddit.com/r/Python/comments/1bu2ckl/security_code_challenge_for_developers_ethical/,"
    Security Code Challenge for Developers & Ethical Hackers - Damn Vulnerable RESTaurant API
  ",,"
      37
      votes
    ",2,comments
1 yr. ago,https://www.reddit.com/r/Python/comments/11oh9jc/glassjar_stores_records_as_python_objects_in_the/,"
    [GlassJar] Stores records as Python objects in the database!
  ",,"
      11
      votes
    ",22,comments
1 yr. ago,https://www.reddit.com/r/Python/comments/117woh3/pdm_vs_poetry/,"
    pdm vs poetry
  ",,"
      30
      votes
    ",38,comments
5 yr. ago,https://www.reddit.com/r/Python/comments/9yfnu3/validx_fast_probably_the_fastest_powerful_and/,"
    ValidX — fast (probably the fastest), powerful, and flexible validator with sane syntax.
  ",,"
      69
      votes
    ",17,comments
1 yr. ago,https://www.reddit.com/r/Python/comments/10525zo/i_scanned_every_package_on_pypi_and_found_57_live/,"
    I scanned every package on PyPi and found 57 live AWS keys
  ",,"
      1K
      votes
    ",92,comments
3 yr. ago,https://www.reddit.com/r/Python/comments/qgx567/web_scraping_intercepting_xhr_requests/,"
    Web Scraping: Intercepting XHR Requests
  ",,"
      6
      votes
    ",0,comments
3 yr. ago,https://www.reddit.com/r/Python/comments/o106ix/made_a_spotify_downloader/,"
    Made a Spotify Downloader
  ",,"
      48
      votes
    ",30,comments
2 yr. ago,https://www.reddit.com/r/Python/comments/tw2ozp/can_my_it_department_tell_without_any_sortve_deep/,"
    Can my IT department tell (without any sortve deep dive) that I'm using a python script to login?
  ",,"
      475
      votes
    ",176,comments
1 yr. ago,https://www.reddit.com/r/Python/comments/13s6qm3/pypi_will_require_2fa_by_the_end_of_2023/,"
    PyPI will require 2FA by the end of 2023
  ",,"
      69
      votes
    ",18,comments
2 yr. ago,https://www.reddit.com/r/Python/comments/r71lzi/pep_675_arbitrary_literal_strings/,"
    PEP 675 -- Arbitrary Literal Strings
  ",,"
      52
      votes
    ",45,comments
3 yr. ago,https://www.reddit.com/r/Python/comments/o9hcir/cryptominers_slither_into_python_projects_in/,"
    Cryptominers Slither into Python Projects in Supply-Chain Campaign
  ",,"
      332
      votes
    ",17,comments
1 yr. ago,https://www.reddit.com/r/Python/comments/zg4cku/friends_work_does_not_allow_developers_to_use/,"
    Friend’s work does not allow developers to use Python
  ",,"
      292
      votes
    ",226,comments
11 yr. ago,https://www.reddit.com/r/Python/comments/1atz8d/using_python_to_code_by_voice_tavis_rudd/,"
    Using Python to Code by Voice  - Tavis Rudd demonstrates Dragonfly at PyCon 2013

  ",,"
      88
      votes
    ",34,comments
11 yr. ago,https://www.reddit.com/r/Python/comments/162y11/weatbag_come_and_help_write_a_text_adventure_game/,"
    Weatbag - come and help write a text adventure game
  ",,"
      60
      votes
    ",19,comments
1 yr. ago,https://www.reddit.com/r/Python/comments/10jf83z/recommendations_for_python_package_repositories/,"
    Recommendations for Python package repositories in the Python community
  ",,"
      3
      votes
    ",8,comments
4 yr. ago,https://www.reddit.com/r/Python/comments/j4npbn/make_the_most_of_pylint/,"
    Make the most of PyLint
  ",,"
      9
      votes
    ",13,comments
6 yr. ago,https://www.reddit.com/r/Python/comments/8jfmv8/kenneth_reitz_pipenv_the_future_of_python/,"
    Kenneth Reitz - Pipenv: The Future of Python Dependency Management - PyCon 2018
  ",,"
      103
      votes
    ",99,comments
3 yr. ago,https://www.reddit.com/r/Python/comments/lbnieq/how_to_send_an_email_from_python/,"
    How to Send an email from Python
  ",,"
      677
      votes
    ",87,comments
2 yr. ago,https://www.reddit.com/r/Python/comments/via0f4/web_scraping_with_python_from_fundamentals_to/,"
    Web Scraping with Python: from Fundamentals to Practice
  ",,"
      388
      votes
    ",35,comments
3 yr. ago,https://www.reddit.com/r/Python/comments/ppcv6p/the_new_beta_anvil_editor_has_been_released/,"
    The new (beta) Anvil editor has been released
  ",,"
      147
      votes
    ",28,comments
3 yr. ago,https://www.reddit.com/r/Python/comments/nlikm0/psa_theres_a_testing_pypi/,"
    PSA: There's a testing PyPI
  ",,"
      24
      votes
    ",11,comments
2 yr. ago,https://www.reddit.com/r/Python/comments/v1rde4/whats_a_python_feature_that_is_very_powerful_but/,"
    What's a Python feature that is very powerful but not many people use or know about it?
  ",,"
      847
      votes
    ",505,comments
2 yr. ago,https://www.reddit.com/r/Python/comments/t2p7io/twitter_bot_to_find_the_source_of_pretty_much_any/,"
    Twitter Bot to find the source of pretty much any post
  ",,"
      3
      votes
    ",0,comments
4 yr. ago,https://www.reddit.com/r/Python/comments/gv2dy5/i_made_a_coding_interview_site_with_video/,"
    I made a coding interview site with video conferencing, collaborative code editing and remote code execution.
  ",,"
      1.7K
      votes
    ",76,comments
3 yr. ago,https://www.reddit.com/r/Python/comments/oyaomf/what_tools_are_missing_in_python/,"
    What tools are missing in Python?
  ",,"
      181
      votes
    ",193,comments
2 yr. ago,https://www.reddit.com/r/Python/comments/ulbivr/pyz_a_customizable_shell_written_in_python_for/,"
    PyZ - A customizable shell, written in Python, for Python
  ",,"
      20
      votes
    ",14,comments
2 yr. ago,https://www.reddit.com/r/Python/comments/ugl19x/anaconda_new_from_anaconda_python_in_the_browser/,"
    Anaconda | New from Anaconda: Python in the Browser
  ",,"
      185
      votes
    ",36,comments
11 yr. ago,https://www.reddit.com/r/Python/comments/1b354a/try_to_break_my_mathematical_expression_evaluator/,"
    Try to break my mathematical expression evaluator
  ",,"
      13
      votes
    ",10,comments
1 yr. ago,https://www.reddit.com/r/Python/comments/1149swv/company_project_djangoreact_streamlit_or_nonweb/,"
    Company project : Django/React, Streamlit or non-web based GUI?
  ",,"
      16
      votes
    ",25,comments
2 yr. ago,https://www.reddit.com/r/Python/comments/w8geul/web_scraping_without_getting_blocked/,"
    Web Scraping Without Getting Blocked
  ",,"
      0
      votes
    ",3,comments
1 yr. ago,https://www.reddit.com/r/Python/comments/ylp60v/dalle_2_now_available_as_public_api_for_python/,"
    DALL·E 2 now available as public API for Python!
  ",,"
      643
      votes
    ",61,comments
9 yr. ago,https://www.reddit.com/r/Python/comments/3gh8xe/chestertons_fence_a_principle_that_might_be_nice/,"
    Chesterton's fence: A principle that might be nice to keep in mind while writing new PEPs.
  ",,"
      41
      votes
    ",14,comments
4 yr. ago,https://www.reddit.com/r/Python/comments/jjecvw/youtubedl_source_code_encoded_completely_in_two/,"
    Youtube-dl source code encoded completely in two 512x512 images
  ",,"
      39
      votes
    ",12,comments
2 yr. ago,https://www.reddit.com/r/Python/comments/wxaud7/config_files_in_plain_python/,"
    Config files in plain Python
  ",,"
      52
      votes
    ",80,comments
1 yr. ago,https://www.reddit.com/r/Python/comments/14357yp/title_seeking_feedback_and_insights_on_aidriven/,"
    Title: Seeking Feedback and Insights on AI-driven Idea - Join the Discussion!
  ",,"
      0
      votes
    ",2,comments
8 yr. ago,https://www.reddit.com/r/Python/comments/4no6lt/fun_projects_for_beginners/,"
    Fun Projects for Beginners
  ",,"
      160
      votes
    ",68,comments
5 yr. ago,https://www.reddit.com/r/Python/comments/bh7vc8/detecting_russian_bots_on_reddit/,"
    Detecting Russian Bots on Reddit
  ",,"
      50
      votes
    ",25,comments
9 yr. ago,https://www.reddit.com/r/Python/comments/360le4/so_i_need_to_unzip_and_process_user_submitted/,"
    So I need to unzip and process user submitted files with Python - how to do so securely?
  ",,"
      5
      votes
    ",5,comments
11 yr. ago,https://www.reddit.com/r/Python/comments/1c2loo/forget_about_incognito_mode_use_a_throwaway/,"
    Forget about ""incognito mode"", use a throwaway browser!
  ",,"
      64
      votes
    ",62,comments
1 yr. ago,https://www.reddit.com/r/Python/comments/11vl6ul/python_cybersecurity_build_your_own_python_tools/,"
    Python Cybersecurity — Build your own python tools (PortScanner, Visual Network Tracker and Anonymous FTP Scanner)
  ",,"
      151
      votes
    ",8,comments
4 yr. ago,https://www.reddit.com/r/Python/comments/in1pyu/i_made_a_spotify_ad_stopper_because_i_was_too/,"
    I made a Spotify ad stopper because I was too poor for Premium. It automatically detects when an ad plays and then restarts Spotify in the background. It's my first project after escaping tutorial hell and I'd love any feedback you guys have!
  ",,"
      2.9K
      votes
    ",153,comments
11 yr. ago,https://www.reddit.com/r/Python/comments/17vhhg/pip_is_not_safe/,"
    pip is not safe
  ",,"
      47
      votes
    ",27,comments
6 yr. ago,https://www.reddit.com/r/Python/comments/8kf30d/async_http_requests_inside_an_http_request/,"
    Async HTTP requests inside an HTTP request?
  ",,"
      4
      votes
    ",14,comments
6 yr. ago,https://www.reddit.com/r/Python/comments/8wirvi/jupyter_notebooks_as_pdf_ms_word_and_others_killer/,"
    Jupyter notebooks as PDF, MS Word and others killer
  ",,"
      3
      votes
    ",14,comments
3 yr. ago,https://www.reddit.com/r/Python/comments/lw433t/psa_thousands_of_pypi_package_names_squatting/,"
    PSA: Thousands of PyPI package names squatting, claimed to be making a point about supply chain attacks
  ",,"
      75
      votes
    ",11,comments
6 yr. ago,https://www.reddit.com/r/Python/comments/9p2f8v/poetry_0120_is_out_brand_new_installer_pep517/,"
    Poetry 0.12.0 is out : brand new installer, PEP-517 support, dependency resolution improvements and more
  ",,"
      60
      votes
    ",19,comments
2 yr. ago,https://www.reddit.com/r/Python/comments/tdmrrw/a_pythonic_chemical_graph_network_with_tools_that/,"
    A Pythonic Chemical Graph Network with tools that help me select potential drug candidates
  ",,"
      2
      votes
    ",7,comments
9 yr. ago,https://www.reddit.com/r/Python/comments/2sjun4/your_python_stock_trading_algorithm_100000_of_our/,"
    Your Python Stock Trading Algorithm, $100,000 of Our Money, & You Keep the Profit
  ",,"
      197
      votes
    ",74,comments
1 yr. ago,https://www.reddit.com/r/Python/comments/13ql1mc/i_created_a_python_seccomp_sandbox_but_permodule/,"
    I created a python seccomp sandbox, but per-module in your code.
  ",,"
      6
      votes
    ",3,comments
8 yr. ago,https://www.reddit.com/r/Python/comments/4xp3q6/pyhooked_a_pure_python_hotkey_module_for_windows/,"
    pyhooked, a pure Python hotkey module for Windows, hits version 0.8 with a complete re-write.
  ",,"
      34
      votes
    ",12,comments
1 yr. ago,https://www.reddit.com/r/Python/comments/10ua51t/recoverpy_200_recover_deleted_or_overwritten/,"
    RecoverPy 2.0.0: Recover deleted or overwritten files from your terminal
  ",,"
      121
      votes
    ",9,comments