metadata_version,name,version,author,platform,upload_time
,requests,1.2.1,Kenneth Reitz,['UNKNOWN'],2013-05-20 20:11:09.817186+00:00
,requests,1.2.2,Kenneth Reitz,['UNKNOWN'],2013-05-21 21:44:44.405678+00:00
,requests,1.2.3,Kenneth Reitz,['UNKNOWN'],2013-05-25 16:48:36.421087+00:00
2.1,requests,2.28.0,Kenneth Reitz,[],2022-06-09 14:44:34.115743+00:00
2.1,requests,2.28.1,Kenneth Reitz,[],2022-06-29 15:13:40.685859+00:00
2.1,requests,2.28.0,Kenneth Reitz,[],2022-06-09 14:44:36.903113+00:00
2.1,requests,2.28.1,Kenneth Reitz,[],2022-06-29 15:13:42.715104+00:00
,requests,2.5.0,Kenneth Reitz,['UNKNOWN'],2014-12-01 23:27:51.119048+00:00
,requests,2.5.0,Kenneth Reitz,['UNKNOWN'],2014-12-01 23:27:51.119048+00:00
,requests,2.5.0,Kenneth Reitz,['UNKNOWN'],2014-12-01 23:27:58.129251+00:00
,requests,2.5.1,Kenneth Reitz,['UNKNOWN'],2014-12-23 17:55:59.876986+00:00
,requests,2.5.1,Kenneth Reitz,['UNKNOWN'],2014-12-23 17:56:08.223795+00:00
,requests,0.14.1,Kenneth Reitz,['UNKNOWN'],2012-10-01 17:30:05.176526+00:00
,requests,0.14.2,Kenneth Reitz,['UNKNOWN'],2012-10-27 15:08:51.460827+00:00
,requests,0.3.1,Kenneth Reitz,['UNKNOWN'],2011-04-01 20:55:03.064666+00:00
,requests,0.3.2,Kenneth Reitz,['UNKNOWN'],2011-04-15 23:30:50.899634+00:00
2.1,requests,2.28.2,Kenneth Reitz,[],2023-01-12 16:24:52.241259+00:00
2.1,requests,2.28.2,Kenneth Reitz,[],2023-01-12 16:24:54.687770+00:00
,requests,2.24.0,Kenneth Reitz,[],2020-06-17 16:30:08.738735+00:00
,requests,2.24.0,Kenneth Reitz,[],2020-06-17 16:30:14.123456+00:00
,requests,2.23.0,Kenneth Reitz,[],2020-06-17 16:30:11.334360+00:00
,requests,2.24.0,Kenneth Reitz,[],2020-06-17 16:30:14.123456+00:00
,requests,1.0.0,Kenneth Reitz,['UNKNOWN'],2012-12-17 15:00:05.110522+00:00
,requests,1.0.1,Kenneth Reitz,['UNKNOWN'],2012-12-17 18:53:51.251872+00:00
,requests,1.0.2,Kenneth Reitz,['UNKNOWN'],2012-12-17 19:04:31.658169+00:00
,requests,1.0.3,Kenneth Reitz,['UNKNOWN'],2012-12-18 09:51:12.406576+00:00
,requests,1.0.4,Kenneth Reitz,['UNKNOWN'],2012-12-23 07:45:10.417631+00:00
,requests,0.3.3,Kenneth Reitz,['UNKNOWN'],2011-05-12 10:03:24.258074+00:00
,requests,0.3.4,Kenneth Reitz,['UNKNOWN'],2011-05-14 20:30:44.001002+00:00
,requests,0.4.0,Kenneth Reitz,['UNKNOWN'],2011-05-15 05:58:43.415820+00:00
,requests,0.4.1,Kenneth Reitz,['UNKNOWN'],2011-05-25 18:54:05.328955+00:00
,requests,0.5.0,Kenneth Reitz,['UNKNOWN'],2011-06-22 04:44:39.288841+00:00
,requests,2.0.0,Kenneth Reitz,['UNKNOWN'],2013-09-24 18:39:33.154169+00:00
,requests,2.19.1,Kenneth Reitz,[],2018-06-14 13:40:38.236729+00:00
,requests,2.2.0,Kenneth Reitz,['UNKNOWN'],2014-01-09 19:33:37.785784+00:00
,requests,2.2.0,Kenneth Reitz,['UNKNOWN'],2014-01-09 19:33:32.362704+00:00
,requests,2.2.1,Kenneth Reitz,['UNKNOWN'],2014-01-23 18:26:15.042092+00:00
,requests,2.2.1,Kenneth Reitz,['UNKNOWN'],2014-01-23 18:26:12.018048+00:00
,requests,2.19.0,Kenneth Reitz,[],2018-06-12 14:46:17.223245+00:00
,requests,2.19.1,Kenneth Reitz,[],2018-06-14 13:40:41.014589+00:00
,requests,2.19.0,Kenneth Reitz,[],2018-06-12 14:46:15.289074+00:00
,requests,2.21.0,Kenneth Reitz,[],2018-12-10 15:40:08.741431+00:00
,requests,2.6.0,Kenneth Reitz,['UNKNOWN'],2015-03-14 16:44:37.146829+00:00
,requests,2.6.0,Kenneth Reitz,['UNKNOWN'],2015-03-14 16:44:48.433132+00:00
,requests,2.21.0,Kenneth Reitz,[],2018-12-10 15:40:11.072000+00:00
,requests,0.13.6,Kenneth Reitz,['UNKNOWN'],2012-08-06 08:46:22.516645+00:00
,requests,0.13.7,Kenneth Reitz,['UNKNOWN'],2012-08-19 00:47:48.501903+00:00
,requests,0.13.8,Kenneth Reitz,['UNKNOWN'],2012-08-20 15:24:42.439401+00:00
,requests,0.13.9,Kenneth Reitz,['UNKNOWN'],2012-08-25 15:26:50.954170+00:00
,requests,2.18.0,Kenneth Reitz,[],2017-06-14 15:44:35.080617+00:00
,requests,2.18.1,Kenneth Reitz,[],2017-06-14 17:51:25.096686+00:00
,requests,2.18.1,Kenneth Reitz,[],2017-06-14 17:51:28.960131+00:00
,requests,2.18.0,Kenneth Reitz,[],2017-06-14 15:44:37.484470+00:00
,requests,1.1.0,Kenneth Reitz,['UNKNOWN'],2013-01-10 07:13:41.901588+00:00
,requests,0.14.0,Kenneth Reitz,['UNKNOWN'],2012-09-02 08:50:39.106639+00:00
,requests,2.6.1,Kenneth Reitz,['UNKNOWN'],2015-04-23 02:27:04.893535+00:00
,requests,2.6.1,Kenneth Reitz,['UNKNOWN'],2015-04-23 02:27:12.848707+00:00
,requests,2.6.2,Kenneth Reitz,['UNKNOWN'],2015-04-23 16:30:52.318157+00:00
,requests,2.6.2,Kenneth Reitz,['UNKNOWN'],2015-04-23 16:31:01.589754+00:00
,requests,2.18.2,Kenneth Reitz,[],2017-07-25 15:23:18.103843+00:00
,requests,2.12.2,Kenneth Reitz,[],2016-11-30 12:39:34.983059+00:00
,requests,2.12.0,Kenneth Reitz,[],2016-11-15 10:32:06.217543+00:00
,requests,2.12.1,Kenneth Reitz,[],2016-11-16 10:45:37.051370+00:00
,requests,2.12.1,Kenneth Reitz,[],2016-11-16 10:45:42.744303+00:00
,requests,2.12.2,Kenneth Reitz,[],2016-11-30 12:39:31.252307+00:00
,requests,2.12.0,Kenneth Reitz,[],2016-11-15 10:32:00.148361+00:00
,requests,2.18.2,Kenneth Reitz,[],2017-07-25 15:23:15.338694+00:00
,requests,2.12.3,Kenneth Reitz,[],2016-12-01 10:49:02.775404+00:00
,requests,2.12.3,Kenneth Reitz,[],2016-12-01 10:49:08.086038+00:00
,requests,2.12.4,Kenneth Reitz,[],2016-12-14 11:39:35.297490+00:00
,requests,2.12.3,Kenneth Reitz,[],2016-12-01 10:49:02.775404+00:00
,requests,2.12.4,Kenneth Reitz,[],2016-12-14 11:39:39.385140+00:00
,requests,2.18.3,Kenneth Reitz,[],2017-08-02 13:23:35.599515+00:00
,requests,2.18.4,Kenneth Reitz,[],2017-08-15 13:23:43.489631+00:00
,requests,2.4.2,Kenneth Reitz,['UNKNOWN'],2014-10-05 17:15:53.632369+00:00
,requests,2.4.2,Kenneth Reitz,['UNKNOWN'],2014-10-05 17:15:45.276538+00:00
,requests,2.4.3,Kenneth Reitz,['UNKNOWN'],2014-10-06 09:44:49.312197+00:00
,requests,2.4.3,Kenneth Reitz,['UNKNOWN'],2014-10-06 09:44:44.221787+00:00
,requests,2.18.3,Kenneth Reitz,[],2017-08-02 13:23:35.599515+00:00
,requests,2.18.4,Kenneth Reitz,[],2017-08-15 13:23:46.348325+00:00
,requests,0.2.0,Kenneth Reitz,['UNKNOWN'],2011-02-14 08:49:42.641660+00:00
,requests,0.2.1,Kenneth Reitz,['UNKNOWN'],2011-02-14 16:38:12.392550+00:00
,requests,0.2.2,Kenneth Reitz,['UNKNOWN'],2011-02-14 18:58:40.410171+00:00
,requests,0.2.3,Kenneth Reitz,['UNKNOWN'],2011-02-15 15:47:29.058010+00:00
,requests,0.2.4,Kenneth Reitz,['UNKNOWN'],2011-02-19 07:03:14.518479+00:00
,requests,0.3.0,Kenneth Reitz,['UNKNOWN'],2011-02-25 14:58:38.361577+00:00
,requests,0.3.0,Kenneth Reitz,['UNKNOWN'],2011-02-25 14:58:38.361577+00:00
,requests,0.3.0,Kenneth Reitz,['UNKNOWN'],2011-02-25 14:58:38.361577+00:00
,requests,2.18.3,Kenneth Reitz,[],2017-08-02 13:23:31.998938+00:00
,requests,2.0.0,Kenneth Reitz,['UNKNOWN'],2013-11-15 19:09:51.527323+00:00
,requests,2.0.1,Kenneth Reitz,['UNKNOWN'],2013-11-15 19:12:20.555241+00:00
,requests,0.12.0,Kenneth Reitz,['UNKNOWN'],2012-05-03 01:18:47.376345+00:00
,requests,0.12.1,Kenneth Reitz,['UNKNOWN'],2012-05-08 07:21:59.920122+00:00
,requests,0.13.0,Kenneth Reitz,['UNKNOWN'],2012-05-30 02:54:18.564587+00:00
,requests,2.7.0,Kenneth Reitz,['UNKNOWN'],2015-05-03 15:01:28.821871+00:00
,requests,2.7.0,Kenneth Reitz,['UNKNOWN'],2015-05-03 15:01:21.105760+00:00
,requests,2.20.0,Kenneth Reitz,[],2018-10-18 15:46:10.776819+00:00
,requests,2.5.2,Kenneth Reitz,['UNKNOWN'],2015-02-23 22:37:39.435391+00:00
,requests,2.5.2,Kenneth Reitz,['UNKNOWN'],2015-02-23 22:37:46.983551+00:00
,requests,2.5.3,Kenneth Reitz,['UNKNOWN'],2015-02-24 16:33:49.703522+00:00
,requests,2.5.3,Kenneth Reitz,['UNKNOWN'],2015-02-24 16:33:58.415782+00:00
,requests,2.1.0,Kenneth Reitz,['UNKNOWN'],2013-12-05 22:51:41.312732+00:00
,requests,2.1.0,Kenneth Reitz,['UNKNOWN'],2013-12-05 22:51:38.634004+00:00
,requests,0.6.0,Kenneth Reitz,['UNKNOWN'],2011-08-17 10:33:05.720565+00:00
,requests,0.6.1,Kenneth Reitz,['UNKNOWN'],2011-08-21 00:25:37.203918+00:00
,requests,1.2.0,Kenneth Reitz,['UNKNOWN'],2013-03-31 05:28:47.574555+00:00
,requests,0.11.2,Kenneth Reitz,['UNKNOWN'],2012-04-23 04:29:36.868120+00:00
,requests,2.22.0,Kenneth Reitz,[],2019-05-16 14:37:14.357166+00:00
,requests,0.6.2,Kenneth Reitz,['UNKNOWN'],2011-10-09 13:12:45.395766+00:00
,requests,0.6.3,Kenneth Reitz,['UNKNOWN'],2011-10-14 03:35:13.523706+00:00
,requests,0.6.4,Kenneth Reitz,['UNKNOWN'],2011-10-14 04:23:31.793480+00:00
,requests,0.6.5,Kenneth Reitz,['UNKNOWN'],2011-10-19 07:30:59.708543+00:00
,requests,0.6.6,Kenneth Reitz,['UNKNOWN'],2011-10-19 09:39:56.534103+00:00
,requests,0.7.0,Kenneth Reitz,['UNKNOWN'],2011-10-23 03:33:24.637553+00:00
,requests,0.7.1,Kenneth Reitz,['UNKNOWN'],2011-10-23 21:19:22.099184+00:00
,requests,0.7.2,Kenneth Reitz,['UNKNOWN'],2011-10-23 21:40:37.623156+00:00
,requests,0.7.3,Kenneth Reitz,['UNKNOWN'],2011-10-23 23:04:13.595145+00:00
,requests,0.7.4,Kenneth Reitz,['UNKNOWN'],2011-10-27 00:36:25.355189+00:00
,requests,0.5.1,Kenneth Reitz,['UNKNOWN'],2011-07-24 05:01:45.612333+00:00
,requests,0.13.1,Kenneth Reitz,['UNKNOWN'],2012-06-08 04:22:28.683979+00:00
,requests,0.13.2,Kenneth Reitz,['UNKNOWN'],2012-06-29 02:37:41.500479+00:00
,requests,2.8.1,Kenneth Reitz,['UNKNOWN'],2015-10-13 12:56:41.375848+00:00
,requests,2.4.1,Kenneth Reitz,['UNKNOWN'],2014-09-09 16:35:12.771388+00:00
,requests,2.4.1,Kenneth Reitz,['UNKNOWN'],2014-09-09 16:35:08.552539+00:00
,requests,2.13.0,Kenneth Reitz,[],2017-01-24 12:53:28.060212+00:00
,requests,2.12.5,Kenneth Reitz,[],2017-01-18 12:43:08.631826+00:00
,requests,2.12.5,Kenneth Reitz,[],2017-01-18 12:43:12.017010+00:00
,requests,2.13.0,Kenneth Reitz,[],2017-01-24 12:53:25.259314+00:00
2.1,requests,2.26.0,Kenneth Reitz,[],2021-07-13 14:55:06.933494+00:00
,requests,2.23.0,Kenneth Reitz,[],2020-02-19 18:50:59.409378+00:00
,requests,2.23.0,Kenneth Reitz,[],2020-02-19 18:51:01.710547+00:00
,requests,0.13.3,Kenneth Reitz,['UNKNOWN'],2012-07-12 23:20:43.867603+00:00
,requests,0.13.4,Kenneth Reitz,['UNKNOWN'],2012-07-27 08:22:09.864284+00:00
,requests,0.13.5,Kenneth Reitz,['UNKNOWN'],2012-07-27 09:23:41.969623+00:00
,requests,0.7.5,Kenneth Reitz,['UNKNOWN'],2011-11-05 04:32:37.598633+00:00
,requests,0.7.6,Kenneth Reitz,['UNKNOWN'],2011-11-07 20:19:31.227072+00:00
,requests,0.8.0,Kenneth Reitz,['UNKNOWN'],2011-11-13 06:52:10.360103+00:00
,requests,0.8.1,Kenneth Reitz,['UNKNOWN'],2011-11-15 16:01:47.827430+00:00
,requests,0.8.2,Kenneth Reitz,['UNKNOWN'],2011-11-19 22:28:31.706305+00:00
,requests,0.8.3,Kenneth Reitz,['UNKNOWN'],2011-11-27 16:44:51.946354+00:00
,requests,2.20.0,Kenneth Reitz,[],2018-10-18 15:46:12.763897+00:00
,requests,2.4.0,Kenneth Reitz,['UNKNOWN'],2014-08-29 14:32:48.896671+00:00
,requests,2.4.0,Kenneth Reitz,['UNKNOWN'],2014-08-29 14:32:45.073609+00:00
2.1,requests,2.25.1,Kenneth Reitz,[],2020-12-16 19:38:34.329342+00:00
2.1,requests,2.25.0,Kenneth Reitz,[],2020-11-11 20:05:17.193088+00:00
2.1,requests,2.26.0,Kenneth Reitz,[],2021-07-13 14:55:08.972521+00:00
2.1,requests,2.27.1,Kenneth Reitz,[],2022-01-05 15:40:49.334679+00:00
2.1,requests,2.27.1,Kenneth Reitz,[],2022-01-05 15:40:51.698067+00:00
,requests,2.20.1,Kenneth Reitz,[],2018-11-08 17:20:31.391071+00:00
,requests,0.8.4,Kenneth Reitz,['UNKNOWN'],2011-12-11 17:40:28.585204+00:00
,requests,0.8.5,Kenneth Reitz,['UNKNOWN'],2011-12-14 16:43:21.464961+00:00
,requests,0.8.6,Kenneth Reitz,['UNKNOWN'],2011-12-19 01:18:29.495054+00:00
,requests,0.8.7,Kenneth Reitz,['UNKNOWN'],2011-12-24 09:18:54.805200+00:00
,requests,0.8.8,Kenneth Reitz,['UNKNOWN'],2011-12-28 09:55:45.489845+00:00
,requests,0.8.9,Kenneth Reitz,['UNKNOWN'],2011-12-28 10:34:17.815200+00:00
,requests,0.8.9,Kenneth Reitz,['UNKNOWN'],2011-12-28 10:34:17.815200+00:00
,requests,0.9.0,Kenneth Reitz,['UNKNOWN'],2011-12-28 10:51:35.541114+00:00
2.1,requests,2.27.0,Kenneth Reitz,[],2022-01-03 15:09:26.599400+00:00
,requests,2.20.1,Kenneth Reitz,[],2018-11-08 17:20:29.533862+00:00
,requests,2.14.0,Kenneth Reitz,[],2017-05-09 15:45:03.006047+00:00
,requests,2.14.1,Kenneth Reitz,[],2017-05-09 19:00:26.274919+00:00
,requests,2.14.1,Kenneth Reitz,[],2017-05-09 19:00:30.585216+00:00
,requests,2.14.2,Kenneth Reitz,[],2017-05-10 14:05:39.911571+00:00
,requests,2.15.1,Kenneth Reitz,[],2017-05-27 02:14:19.048380+00:00
,requests,2.16.1,Kenneth Reitz,[],2017-05-27 13:43:53.090483+00:00
,requests,2.16.2,Kenneth Reitz,[],2017-05-27 14:53:31.935404+00:00
,requests,2.16.3,Kenneth Reitz,[],2017-05-27 16:24:47.512647+00:00
,requests,2.16.4,Kenneth Reitz,[],2017-05-27 21:17:38.023572+00:00
,requests,2.16.5,Kenneth Reitz,[],2017-05-28 04:35:44.914574+00:00
,requests,2.16.5,Kenneth Reitz,[],2017-05-28 04:35:48.205458+00:00
,requests,2.17.1,Kenneth Reitz,[],2017-05-29 19:59:40.643067+00:00
,requests,2.17.2,Kenneth Reitz,[],2017-05-29 21:33:37.405434+00:00
,requests,2.17.3,Kenneth Reitz,[],2017-05-29 21:53:19.494862+00:00
,requests,2.14.0,Kenneth Reitz,[],2017-05-09 15:45:05.815269+00:00
,requests,2.16.0,Kenneth Reitz,[],2017-05-27 03:48:25.729621+00:00
,requests,2.16.1,Kenneth Reitz,[],2017-05-27 13:44:20.358570+00:00
,requests,2.17.1,Kenneth Reitz,[],2017-05-29 19:59:39.065426+00:00
,requests,2.17.2,Kenneth Reitz,[],2017-05-29 21:33:32.234721+00:00
,requests,2.8.0,Kenneth Reitz,['UNKNOWN'],2015-10-06 14:47:57.677398+00:00
,requests,2.8.0,Kenneth Reitz,['UNKNOWN'],2015-10-06 14:48:08.860481+00:00
,requests,2.8.1,Kenneth Reitz,['UNKNOWN'],2015-10-13 12:56:34.254896+00:00
2.1,requests,2.29.0,Kenneth Reitz,[],2023-04-26 15:24:31.555832+00:00
,requests,2.3.0,Kenneth Reitz,['UNKNOWN'],2014-05-16 17:57:05.539691+00:00
,requests,2.3.0,Kenneth Reitz,['UNKNOWN'],2014-05-16 17:57:02.237698+00:00
2.1,requests,2.27.0,Kenneth Reitz,[],2022-01-03 15:09:28.067178+00:00
,requests,2.10.0,Kenneth Reitz,['UNKNOWN'],2016-04-29 22:12:39.027730+00:00
,requests,2.9.2,Kenneth Reitz,['UNKNOWN'],2016-04-29 21:57:10.487144+00:00
2.1,requests,2.25.1,Kenneth Reitz,[],2020-12-16 19:38:36.779257+00:00
2.1,requests,2.25.0,Kenneth Reitz,[],2020-11-11 20:05:15.870484+00:00
,requests,0.10.2,Kenneth Reitz,['UNKNOWN'],2012-02-15 09:48:52.830436+00:00
,requests,0.10.3,Kenneth Reitz,['UNKNOWN'],2012-02-20 20:10:57.584946+00:00
,requests,0.10.4,Kenneth Reitz,['UNKNOWN'],2012-02-20 22:21:31.091713+00:00
,requests,0.10.6,Kenneth Reitz,['UNKNOWN'],2012-02-26 05:17:54.135905+00:00
,requests,0.11.1,Kenneth Reitz,['UNKNOWN'],2012-03-31 05:47:56.690051+00:00
,requests,0.10.7,Kenneth Reitz,['UNKNOWN'],2012-03-08 01:50:58.069132+00:00
,requests,0.10.8,Kenneth Reitz,['UNKNOWN'],2012-03-09 17:59:54.950126+00:00
2.1,requests,2.31.0,Kenneth Reitz,[],2023-05-22 15:12:44.175995+00:00
,requests,0.10.0,Kenneth Reitz,['UNKNOWN'],2012-01-22 05:08:17.091441+00:00
,requests,0.10.1,Kenneth Reitz,['UNKNOWN'],2012-01-23 08:22:52.352375+00:00
,requests,0.9.1,Kenneth Reitz,['UNKNOWN'],2012-01-06 07:11:02.635935+00:00
,requests,0.9.2,Kenneth Reitz,['UNKNOWN'],2012-01-19 03:39:58.591876+00:00
,requests,0.9.3,Kenneth Reitz,['UNKNOWN'],2012-01-19 16:51:33.637035+00:00
,requests,2.22.0,Kenneth Reitz,[],2019-05-16 14:37:18.093794+00:00
,requests,2.15.1,Kenneth Reitz,[],2017-05-27 02:14:22.414350+00:00
,requests,2.16.2,Kenneth Reitz,[],2017-05-27 14:53:09.839813+00:00
,requests,2.16.3,Kenneth Reitz,[],2017-05-27 16:24:49.598403+00:00
,requests,2.17.0,Kenneth Reitz,[],2017-05-29 17:24:35.939176+00:00
,requests,2.14.2,Kenneth Reitz,[],2017-05-10 14:05:43.749338+00:00
,requests,2.15.1,Kenneth Reitz,[],2017-05-27 02:14:19.048380+00:00
,requests,2.16.0,Kenneth Reitz,[],2017-05-27 03:45:40.367893+00:00
,requests,2.16.4,Kenneth Reitz,[],2017-05-27 21:17:41.534350+00:00
,requests,2.17.0,Kenneth Reitz,[],2017-05-29 17:24:38.973041+00:00
,requests,2.17.3,Kenneth Reitz,[],2017-05-29 21:53:22.237539+00:00
2.1,requests,2.29.0,Kenneth Reitz,[],2023-04-26 15:24:34.435420+00:00
,requests,2.11.1,Kenneth Reitz,['UNKNOWN'],2016-08-17 20:04:26.747542+00:00
,requests,2.11.0,Kenneth Reitz,['UNKNOWN'],2016-08-08 15:07:32.250147+00:00
2.1,requests,2.30.0,Kenneth Reitz,[],2023-05-03 15:44:06.936747+00:00
,requests,2.0.1,Kenneth Reitz,['UNKNOWN'],2013-10-24 14:33:21.606209+00:00
2.1,requests,2.31.0,Kenneth Reitz,[],2023-05-22 15:12:42.313790+00:00
,requests,2.9.2,Kenneth Reitz,['UNKNOWN'],2016-04-29 21:57:23.021820+00:00
,requests,2.10.0,Kenneth Reitz,['UNKNOWN'],2016-04-29 22:12:32.122862+00:00
,requests,2.9.0,Kenneth Reitz,['UNKNOWN'],2015-12-15 15:30:34.276097+00:00
,requests,2.9.0,Kenneth Reitz,['UNKNOWN'],2015-12-15 15:29:58.086640+00:00
,requests,2.9.1,Kenneth Reitz,['UNKNOWN'],2015-12-21 14:55:10.646407+00:00
,requests,2.9.1,Kenneth Reitz,['UNKNOWN'],2015-12-21 14:55:00.266465+00:00
2.1,requests,2.30.0,Kenneth Reitz,[],2023-05-03 15:44:03.457714+00:00
,requests,2.11.0,Kenneth Reitz,['UNKNOWN'],2016-08-08 15:07:35.742323+00:00
,requests,2.11.1,Kenneth Reitz,['UNKNOWN'],2016-08-17 20:04:30.871534+00:00
